job title,company name,location,skills,links
Senior Mechanical Engineer (Site-Technical Office),TELETEC GLOBAL CONTRACTORS -,"Mohandessin, Giza, Egypt ",Full TimeExperienced · 5+ Yrs of Exp · Engineering - Mechanical/Electrical · Engineering · Project · Site Engineering · English · CAD · AutoCAD · Project Management · Mechanical Engineering · Mechanical,https://wuzzuf.net/jobs/p/sCYdkuK6WcsM-Senior-Mechanical-Engineer-Site-Technical-Office-TELETEC-GLOBAL-CONTRACTORS-Giza-Egypt?o=1&l=sp&t=sj&a=mechanical enginner|search-v3|hpb
Mechanical Design Engineer - Electrical Panel Manufacturer,Chint Egemac -,"6th of October, Giza, Egypt ",Full TimeEntry Level · 1 - 3 Yrs of Exp · Creative/Design/Art · Engineering - Mechanical/Electrical · AutoCAD · CAD · Mechanical Engineering · SolidWorks · Electrical Engineering · Low Voltage · Chinese · Electrical Design,https://wuzzuf.net/jobs/p/stEYdgOPllqb-Mechanical-Design-Engineer---Electrical-Panel-Manufacturer-Chint-Egemac-Giza-Egypt?o=2&l=sp&t=sj&a=mechanical enginner|search-v3|hpb
Senior Mechanical Engineer,SNC-Lavalin Egypt -,"Sheraton, Cairo, Egypt ",Full TimeExperienced · 10 - 15 Yrs of Exp · Engineering - Mechanical/Electrical · Engineering · Mechanical · DCP · HVAC · Firefighting · Plumbing system · English · Mechanical Engineering,https://wuzzuf.net/jobs/p/N4WhiUbZE1Hl-Senior-Mechanical-Engineer-SNC-Lavalin-Egypt-Cairo-Egypt?o=3&l=sp&t=sj&a=mechanical enginner|search-v3|hpb
Mechanical Technical Office Engineer,Confidential -,"Nasr City, Cairo, Egypt ",Full TimeExperienced · 3+ Yrs of Exp · Engineering - Mechanical/Electrical · Technical Office · Engineering · Project Management · Contract Submittals · AutoCAD · Communication · Communication skills · Mechanical Engineering · Power,https://wuzzuf.net/jobs/p/yxGSmjHvi6ef-Mechanical-Technical-Office-Engineer-Cairo-Egypt?o=4&l=sp&t=sj&a=mechanical enginner|search-v3|hpb
Technical Sales Engineer (Arch /Civil / Mechanical),caliteck  -,"Nasr City, Cairo, Egypt ",Full TimeEntry Level · 1+ Yrs of Exp · Engineering - Construction/Civil/Architecture · Sales/Retail · Engineering - Mechanical/Electrical · Production · Engineering · Mechanical · Sales · English · Sales Target · Customer Service,https://wuzzuf.net/jobs/p/2Ln1DB2el9fV-Technical-Sales-Engineer-Arch-Civil-Mechanical-caliteck-Cairo-Egypt?o=5&l=sp&t=sj&a=mechanical enginner|search-v3|hpb
Mechanical Site Engineer,Mahgoub Group -,"Nasr City, Cairo, Egypt ",Full TimeExperienced · 3 - 5 Yrs of Exp · Engineering - Mechanical/Electrical · Mechanical Engineering · Engineering · HVAC · Fire Fighting · Mechanical Power · Power · English · AutoCAD · Mechanical,https://wuzzuf.net/jobs/p/N1WaiVvhq4T1-Mechanical-Site-Engineer-Mahgoub-Group-Cairo-Egypt?o=6&l=sp&t=sj&a=mechanical enginner|search-v3|hpb
Mechanical Site Engineer - Waste Heat Recovery Project,Suez Cement – Heidelberg Cement -,"Helwan, Cairo, Egypt ",Full TimeFreelance / ProjectExperienced · 10+ Yrs of Exp · Installation/Maintenance/Repair · Engineering - Mechanical/Electrical · Mechanical Engineering · Site Engineering · English · Project · Project Management · Installation · Maintenance · Engineering,https://wuzzuf.net/jobs/p/APpErKCx4Gol-Mechanical-Site-Engineer---Waste-Heat-Recovery-Project-Suez-Cement-–-Heidelberg-Cement-Cairo-Egypt?o=7&l=sp&t=sj&a=mechanical enginner|search-v3|hpb
Site Engineer - Mechanical Power (Boilers),Firoz Group -,"Nasr City, Cairo, Egypt ",Full TimeExperienced · 3 - 7 Yrs of Exp · males_only · Engineering - Construction/Civil/Architecture · Installation/Maintenance/Repair · Engineering - Mechanical/Electrical · Engineering · Mechanical · Site Engineer · Electrical · Power · Mechanical Power · Mechanical Engineering,https://wuzzuf.net/jobs/p/5fINd3IhX2K4-Site-Engineer---Mechanical-Power-Boilers-Firoz-Group-Cairo-Egypt?o=8&l=sp&t=sj&a=mechanical enginner|search-v3|hpb
Technical Office Engineer (Mechanical Design Engineer ) - Sheet Metal,Power Solutions -,"6th of October, Giza, Egypt ",Full TimeExperienced · 2 - 5 Yrs of Exp · females_preferred · Creative/Design/Art · Engineering - Mechanical/Electrical · Industrial Engineering · Mechanical Engineering · SolidWorks · AutoCAD · Sheet Metal · Technical Office · Microsoft Office · Inventor,https://wuzzuf.net/jobs/p/1gYTg9kxPxmn-Technical-Office-Engineer-Mechanical-Design-Engineer---Sheet-Metal-Power-Solutions-Giza-Egypt?o=9&l=sp&t=sj&a=mechanical enginner|search-v3|hpb
Mechanical / Electrical - Site Engineer,Gama Construction -,"Katameya, Cairo, Egypt ",Full TimeExperienced · 2 - 5 Yrs of Exp · Engineering - Mechanical/Electrical · Electrical Engineering · Mechanical Engineering · Mechanical · Electrical · Microsoft Office · English,https://wuzzuf.net/jobs/p/s6Vr8O0RIZl1-Mechanical-Electrical---Site-Engineer-Gama-Construction-Cairo-Egypt?o=10&l=sp&t=sj&a=mechanical enginner|search-v3|hpb
Mechanical Engineer (Workshop),El-Soadaa Group -,"Maadi, Cairo, Egypt ",Full TimeExperienced · 2 - 3 Yrs of Exp · Installation/Maintenance/Repair · Engineering - Mechanical/Electrical · Mechanical Engineering · Engineering · Mechanical · Workshop,https://wuzzuf.net/jobs/p/qa9YbTC5Mkie-Mechanical-Engineer-Workshop-El-Soadaa-Group-Cairo-Egypt?o=11&l=sp&t=sj&a=mechanical enginner|search-v3|hpb
Mechanical Hydraulics Engineer,ITAC -,"Nasr City, Cairo, Egypt ",Full TimeExperienced · 2 - 5 Yrs of Exp · males_only · Installation/Maintenance/Repair · Engineering - Mechanical/Electrical · Mechanical Engineering · Engineering · Manufacturing · Production · CNC · Quality · Computer Skills · Miling,https://wuzzuf.net/jobs/p/CRyrlhIygBCG-Mechanical-Hydraulics-Engineer-ITAC-Cairo-Egypt?o=12&l=sp&t=sj&a=mechanical enginner|search-v3|hpb
Junior Mechanical Design Engineer - Cairo,Samaya Electronics Egypt LTD -,"Nasr City, Cairo, Egypt ","Full TimeEntry Level · 1 - 2 Yrs of Exp · Creative/Design/Art · Engineering - Mechanical/Electrical · Creo · Product Design · SOLID WORK · siemence NX, PLM, DFMEA, DFM, DFA, GD&T · CAD · Design · Engineering · English",https://wuzzuf.net/jobs/p/FplmqmkCmHcK-Junior-Mechanical-Design-Engineer---Cairo-Samaya-Electronics-Egypt-LTD-Cairo-Egypt?o=13&l=sp&t=sj&a=mechanical enginner|search-v3|hpb
Senior Mechanical Site Engineer,EMS Solutions -,"6th of October, Giza, Egypt ",Full TimeExperienced · 5+ Yrs of Exp · Engineering - Mechanical/Electrical · Engineering · Mechanical Engineering · Mechanical · AutoCAD · Design · Installation · Projects · Management · Construction,https://wuzzuf.net/jobs/p/csWFf2dGRi1w-Senior-Mechanical-Site-Engineer-EMS-Solutions-Giza-Egypt?o=14&l=sp&t=sj&a=mechanical enginner|search-v3|hpb
Mechanical Technical Office Engineer,Delta Capital for Urban Development -,"Kafr Alsheikh, Egypt ",Full TimeExperienced · 5 - 7 Yrs of Exp · Engineering - Mechanical/Electrical · AutoCAD · Mechanical · Engineering · Mechanical Engineering · TO · Residential compounds · Alexandria,https://wuzzuf.net/jobs/p/6q8zIBacz71A-Mechanical-Technical-Office-Engineer-Delta-Capital-for-Urban-Development-Kafr-Alsheikh-Egypt?o=15&l=sp&t=sj&a=mechanical enginner|search-v3|hpb
Mechanical Maintenance Engineer,FlexFilms Egypt -,"6th of October, Giza, Egypt ",Full TimeEntry Level · 1 - 2 Yrs of Exp · males_only · Installation/Maintenance/Repair · Engineering - Mechanical/Electrical · Maintenance · Mechanical · Engineering · Mechanical Engineering · Mechanical Power Engineering · Mechanical Power · Bearing · Pneumatic,https://wuzzuf.net/jobs/p/kqkqMxrFo8SC-Mechanical-Maintenance-Engineer-FlexFilms-Egypt-Giza-Egypt?o=16&l=sp&t=sj&a=mechanical enginner|search-v3|hpb
Mechanical Engineer,Nahdet Misr Publishing Group -,"6th of October, Giza, Egypt ",Full TimeEntry Level · 1 - 3 Yrs of Exp · Installation/Maintenance/Repair · Engineering - Mechanical/Electrical · Mechanical Engineering · Engineering · Maintenance · Mechanical,https://wuzzuf.net/jobs/p/xWz0xqd03txX-Mechanical-Engineer-Nahdet-Misr-Publishing-Group-Giza-Egypt?o=17&l=sp&t=sj&a=mechanical enginner|search-v3|hpb
Mechanical Technical Office Engineer,Major for Construction and Decoration -,"Cairo, Egypt ",Full TimeExperienced · 4 - 6 Yrs of Exp · Engineering - Mechanical/Electrical · Engineering · Mechanical Engineering · Mechanical Power · HVAC · Plumbing · FF · Shop Drawing · Construction · Technical Office,https://wuzzuf.net/jobs/p/LrldN9n19n1L-Mechanical-Technical-Office-Engineer-Major-for-Construction-and-Decoration-Cairo-Egypt?o=18&l=sp&t=sj&a=mechanical enginner|search-v3|hpb
Technical Office Mechanical Engineer,CSI -,"Cairo, Egypt ",Full TimeExperienced · 2 - 5 Yrs of Exp · Engineering - Mechanical/Electrical · Commissioning · Mechanical Engineering · Engineering · AutoCAD · HVAC · Testing,https://wuzzuf.net/jobs/p/SjNDPGRD7rW6-Technical-Office-Mechanical-Engineer-CSI-Cairo-Egypt?o=19&l=sp&t=sj&a=mechanical enginner|search-v3|hpb
Mechanical Engineer - Madinaty,Talaat Moustafa Group -,"Cairo, Egypt ",Full TimeExperienced · 4 - 7 Yrs of Exp · Project/Program Management · Engineering - Mechanical/Electrical · Mechanical Engineering · Engineering · Maintenance,https://wuzzuf.net/jobs/p/h3bD7Z8ousVc-Mechanical-Engineer---Madinaty-Talaat-Moustafa-Group-Cairo-Egypt?o=20&l=sp&t=sj&a=mechanical enginner|search-v3|hpb
Senior Project Engineer - Mechanical,INTECH -,"Mansoura, Dakahlia, Egypt ",Full TimeExperienced · 6 - 8 Yrs of Exp · Project/Program Management · Engineering - Mechanical/Electrical · Mechanical Engineering · Engineering · Design · Project Management,https://wuzzuf.net/jobs/p/0dAuNdMvUSmq-Senior-Project-Engineer---Mechanical-INTECH-Dakahlia-Egypt?o=21&l=sp&t=sj&a=mechanical enginner|search-v3|hpb
Senior Mechanical Engineer - Cairo,Consomity -,"Nasr City, Cairo, Egypt ",Full TimeExperienced · 8 - 10 Yrs of Exp · Engineering - Mechanical/Electrical · Consultancy · AutoCAD · Engineering · Technical Office · Electrical Engineering · Mechanical Engineering · Water Treatment · Drainage · Design,https://wuzzuf.net/jobs/p/vyrVfDkq4ioK-Senior-Mechanical-Engineer---Cairo-Consomity-Cairo-Egypt?o=22&l=sp&t=sj&a=mechanical enginner|search-v3|hpb
Mechanical Engineer,MCV -,"Alsalihiyyah Aljadidah, Sharqia, Egypt ",Full TimeEntry Level · 1 - 3 Yrs of Exp · Engineering - Mechanical/Electrical · Engineering · Electrical Engineering · Mechanical Engineering · Mechanical,https://wuzzuf.net/jobs/p/foJmW7Di8QPo-Mechanical-Engineer-MCV-Sharqia-Egypt?o=23&l=sp&t=sj&a=mechanical enginner|search-v3|hpb
Mechanical Maintenance Engineer,Marbella For Food Industry  -,"6th of October, Giza, Egypt ",Full TimeExperienced · 3 - 10 Yrs of Exp · Installation/Maintenance/Repair · Manufacturing/Production · Engineering - Mechanical/Electrical · CMMS · Mechanical Engineering · Maintenance · Planning · Production · Mechanical · Engineering,https://wuzzuf.net/jobs/p/eJX58XY2wPOT-Mechanical-Maintenance-Engineer-Marbella-For-Food-Industry-Giza-Egypt?o=24&l=sp&t=sj&a=mechanical enginner|search-v3|hpb
Senior Mechanical (Technical Office) Engineer,Confidential -,"Tanta, Gharbia, Egypt ",Full TimeExperienced · 8 - 10 Yrs of Exp · Engineering - Mechanical/Electrical · Mechanical Engineering · Mechanical · Technical Office Engineering · BIM · Revit,https://wuzzuf.net/jobs/p/5TeVOCtNncrK-Senior-Mechanical-Technical-Office-Engineer-Gharbia-Egypt?o=25&l=sp&t=sj&a=mechanical enginner|search-v3|hpb
Car Maintenance/ Mechanical Engineer,Elabd Foods -,"Downtown, Cairo, Egypt ",Full TimeExperienced · 3 - 6 Yrs of Exp · males_only · Installation/Maintenance/Repair · Engineering - Mechanical/Electrical · Car Maintenance · Mechanical Engineering · Mechanical · Electrical Engineering · Automotive · Car · Engineering · Maintenance,https://wuzzuf.net/jobs/p/uXkJdAVhcfDT-Car-Maintenance-Mechanical-Engineer-Elabd-Foods-Cairo-Egypt?o=26&l=sp&t=sj&a=mechanical enginner|search-v3|hpb
Senior Mechanical Technical Office Engineer,Al Safa -,"Cairo, Egypt ",Full TimeExperienced · 3 - 6 Yrs of Exp · Installation/Maintenance/Repair · Engineering - Mechanical/Electrical · Construction · Engineering · Maintenance · Mechanical Engineering · Mechanical · Mechanical Works,https://wuzzuf.net/jobs/p/eYeCoym0kP8s-Senior-Mechanical-Technical-Office-Engineer-Al-Safa-Cairo-Egypt?o=27&l=sp&t=sj&a=mechanical enginner|search-v3|hpb
Mechanical Technical Office Engineer,Grid Fine Finishes -,"Zamalek, Cairo, Egypt ",Full TimeExperienced · 4 - 6 Yrs of Exp · Engineering - Mechanical/Electrical · AutoCAD · Engineering · Firefighting · HVAC · Mechanical · Shop Drawings · Plumbing · Mechanical Engineering · Microsoft Office,https://wuzzuf.net/jobs/p/OK4gUoGn3HLT-Mechanical-Technical-Office-Engineer-Grid-Fine-Finishes-Cairo-Egypt?o=28&l=sp&t=sj&a=mechanical enginner|search-v3|hpb
Senior Mechanical Maintenance Engineer,Hayat Kimya -,"Ain Sokhna, Suez, Egypt ",Full TimeExperienced · 4 - 6 Yrs of Exp · Installation/Maintenance/Repair · Engineering - Mechanical/Electrical · Mechanical Engineering · Engineering · Maintenance · English · Mechanical · SAP · MS Office,https://wuzzuf.net/jobs/p/3PqvJRTtp4Zu-Senior-Mechanical-Maintenance-Engineer-Hayat-Kimya-Suez-Egypt?o=29&l=sp&t=sj&a=mechanical enginner|search-v3|hpb
Fresh Graduate Purchasing Engineer ( Mechanical / Electrical / Chemistry ),Confidential -,"Alsadat City, Monufya, Egypt ",Full TimeEntry Level · 0 - 2 Yrs of Exp · males_only · Purchasing/Procurement · Engineering - Mechanical/Electrical · Engineering - Other · Mechanical Engineering · Electrical · Industrial · Chemistry · Engineering · English · Purchasing,https://wuzzuf.net/jobs/p/gtqSDM6mW3ZE-Fresh-Graduate-Purchasing-Engineer-Mechanical-Electrical-Chemistry-Monufya-Egypt?o=30&l=sp&t=sj&a=mechanical enginner|search-v3|hpb
Lab Technician – Mechanical Engineering,German International University -,"Cairo, Egypt ",Full TimeExperienced · 3+ Yrs of Exp · Administration · Engineering - Mechanical/Electrical · Engineering · Installation · Laboratory · Lab · Maintenance · Mechanical Engineering · Mechanical · Manufacturing,https://wuzzuf.net/jobs/p/lATYrJEFg1zN-Lab-Technician-–-Mechanical-Engineering-German-International-University-Cairo-Egypt?o=31&l=sp&t=sj&a=mechanical enginner|search-v3|hpb
Mechanical Site Engineer,Intellipro for engineering solutions -,"Cairo, Egypt ",Full TimeEntry Level · 1 - 2 Yrs of Exp · Engineering - Mechanical/Electrical · Mechanical · Engineering · Mechatronic · Mechanical Engineering · Drawing · AutoCAD · Shop Drawings · Microsoft Office · Maintenance,https://wuzzuf.net/jobs/p/b8bRUtcX15qk-Mechanical-Site-Engineer-Intellipro-for-engineering-solutions-Cairo-Egypt?o=32&l=sp&t=sj&a=mechanical enginner|search-v3|hpb
Design Mechanical Engineer,Confidential -,"Sheraton, Cairo, Egypt ",Full TimeEntry Level · 1 - 2 Yrs of Exp · Creative/Design/Art · Engineering - Mechanical/Electrical · Engineering · Design · Communication · Communication skills · English · Information Technology (IT) · Mechanical Engineering · Skills,https://wuzzuf.net/jobs/p/PQRKVFAhK2kE-Design-Mechanical-Engineer-Cairo-Egypt?o=33&l=sp&t=sj&a=mechanical enginner|search-v3|hpb
Senior Tendering Engineer - Mechanical Background,Alhamd Contracting Company -,"Maadi, Cairo, Egypt ",Full TimeExperienced · 5 - 7 Yrs of Exp · IT/Software Development · Engineering - Telecom/Technology · Engineering - Mechanical/Electrical · MS Office · AutoCAD · Mechanical Engineering · Electrical Engineering · Leadership · Tendering · Software Development,https://wuzzuf.net/jobs/p/DL4TZeA2bcc2-Senior-Tendering-Engineer---Mechanical-Background-Alhamd-Contracting-Company-Cairo-Egypt?o=34&l=sp&t=sj&a=mechanical enginner|search-v3|hpb
Senior Site Mechanical Engineer,First Group -,"Hadayek October, Giza, Egypt ",Full TimeExperienced · 8 - 10 Yrs of Exp · Engineering - Mechanical/Electrical · Engineering · Mechanical Engineering · HVAC · AutoCAD · Plumbing · Microsoft Office · Computer Skills · Fire Fighting · Maintenance,https://wuzzuf.net/jobs/p/aLT4GiVKXSt9-Senior-Site-Mechanical-Engineer-First-Group-Giza-Egypt?o=35&l=sp&t=sj&a=mechanical enginner|search-v3|hpb
Mechanical Maintenance Engineer,Groupe- Atlantic -,"10th of Ramadan City, Cairo, Egypt ",Full TimeExperienced · 5 - 7 Yrs of Exp · Installation/Maintenance/Repair · Engineering - Mechanical/Electrical · Mechanical Engineering · Maintenance · Engineering · Electrical Engineering · Management · Mechanical · Equipment · Industrial,https://wuzzuf.net/jobs/p/X2ovSa1UjfWT-Mechanical-Maintenance-Engineer-Groupe--Atlantic-Cairo-Egypt?o=36&l=sp&t=sj&a=mechanical enginner|search-v3|hpb
Mechanical Procurement Engineer,Modern Structures & Equipment  -,"Dokki, Giza, Egypt ",Full TimeExperienced · 3 - 4 Yrs of Exp · Installation/Maintenance/Repair · Purchasing/Procurement · Engineering - Mechanical/Electrical · Civil Engineering · CAD · Microsoft Office · Engineering · English · Communication · Civil,https://wuzzuf.net/jobs/p/GTX7wKwm83OQ-Mechanical-Procurement-Engineer-Modern-Structures-Equipment-Giza-Egypt?o=37&l=sp&t=sj&a=mechanical enginner|search-v3|hpb
Senior Mechanical Procurement Engineer,GMC -,"Maadi, Cairo, Egypt ",Full TimeExperienced · 7 - 10 Yrs of Exp · Logistics/Supply Chain · Purchasing/Procurement · Engineering - Mechanical/Electrical · Engineering · Mechanical · Mechanical Engineering · Procurement · Electrical Engineering,https://wuzzuf.net/jobs/p/A4FvY91I4cUu-Senior-Mechanical-Procurement-Engineer-GMC-Cairo-Egypt?o=38&l=sp&t=sj&a=mechanical enginner|search-v3|hpb
Senior Mechanical BIM Engineer,BIM Works LLC -,"Nasr City, Cairo, Egypt ",Full TimeExperienced · 5+ Yrs of Exp · Engineering - Mechanical/Electrical · BIM · Engineering · GCC · Revit · Mechanical · Mechanical Engineering · English · AutoCAD · Communication,https://wuzzuf.net/jobs/p/LJbu0rDBiXHO-Senior-Mechanical-BIM-Engineer-BIM-Works-LLC-Cairo-Egypt?o=39&l=sp&t=sj&a=mechanical enginner|search-v3|hpb
Senior Mechanical Design Engineer (HVAC),GMC -,"Maadi, Cairo, Egypt ",Full TimeExperienced · 7 - 10 Yrs of Exp · Engineering - Construction/Civil/Architecture · Creative/Design/Art · Engineering - Mechanical/Electrical · Design · Construction · Drawing · Engineering · Mechanical · Mechanical Engineering · Revit,https://wuzzuf.net/jobs/p/VfVuB2ggAbXH-Senior-Mechanical-Design-Engineer-HVAC-GMC-Cairo-Egypt?o=40&l=sp&t=sj&a=mechanical enginner|search-v3|hpb
Mechanical Design Engineer,Qsource -,"Heliopolis, Cairo, Egypt ",Full TimeExperienced · 3 - 4 Yrs of Exp · Engineering - Mechanical/Electrical · Construction · Design · Engineering · Mechanical Engineering · architectural,https://wuzzuf.net/jobs/p/F7lOebrg4cwc-Mechanical-Design-Engineer-Qsource-Cairo-Egypt?o=41&l=sp&t=sj&a=mechanical enginner|search-v3|hpb
Mechanical Sanitary Site Engineer / Suez,OYK -,"Ain Sokhna, Suez, Egypt ",Full TimeExperienced · 10+ Yrs of Exp · Engineering - Mechanical/Electrical · Mechanical Engineering · Engineering · Communication Skills · TO · Site Engineer,https://wuzzuf.net/jobs/p/wc0MrwcezBSj-Mechanical-Sanitary-Site-Engineer-Suez-OYK-Suez-Egypt?o=42&l=sp&t=sj&a=mechanical enginner|search-v3|hpb
Senior Mechanical Engineer,MUST -,"6th of October, Giza, Egypt ",Full TimeExperienced · 7 - 10 Yrs of Exp · Engineering - Mechanical/Electrical · Engineering · Mechanical Engineering · Mechanical,https://wuzzuf.net/jobs/p/9kJ23LtaxUeD-Senior-Mechanical-Engineer-MUST-Giza-Egypt?o=43&l=sp&t=sj&a=mechanical enginner|search-v3|hpb
Sr. Mechanical Maintenance Engineer,National Pipe Company -,"10th of Ramadan City, Cairo, Egypt ",Full TimeExperienced · 5 - 7 Yrs of Exp · Installation/Maintenance/Repair · Engineering - Mechanical/Electrical · Mechanical · Mechanical Engineering · Maintenance · Engineering · Factories · Hydraulic · Air Compressors · Compressors,https://wuzzuf.net/jobs/p/1rQO4c6MTVqH-Sr-Mechanical-Maintenance-Engineer-National-Pipe-Company-Cairo-Egypt?o=44&l=sp&t=sj&a=mechanical enginner|search-v3|hpb
Mechanical Cost Control Engineer,MH-Group -,"Dokki, Giza, Egypt ",Full TimeExperienced · 3 - 6 Yrs of Exp · Engineering - Mechanical/Electrical · Construction · Cost · Mechanical Engineering · Mechanical,https://wuzzuf.net/jobs/p/LD3rxHZswPpF-Mechanical-Cost-Control-Engineer-MH-Group-Giza-Egypt?o=45&l=sp&t=sj&a=mechanical enginner|search-v3|hpb
Mechanical Site Engineer,ASC for Construction and Engineering -,"Badr City, Beheira, Egypt ",Full TimeExperienced · 4 - 5 Yrs of Exp · Engineering - Mechanical/Electrical · Engineering · Mechanical Engineering · Construction,https://wuzzuf.net/jobs/p/TKlJEqM7HlB3-Mechanical-Site-Engineer-ASC-for-Construction-and-Engineering-Beheira-Egypt?o=46&l=sp&t=sj&a=mechanical enginner|search-v3|hpb
Site Mechanical Engineer, AMO-EGY -,"Riyadh, Saudi Arabia ",Full TimeExperienced · 7 - 10 Yrs of Exp · Engineering - Mechanical/Electrical · AutoCAD · Fire Fighting · HVAC · Mechanical Engineering · English · Electrical Engineering · Construction · Maintenance,https://wuzzuf.net/jobs/p/X0CExKCvX2BE-Site-Mechanical-Engineer-AMO-EGY-Riyadh-Saudi-Arabia?o=47&l=sp&t=sj&a=mechanical enginner|search-v3|hpb
Mechanical Engineer,Confidential -,"Alexandria, Egypt ",Full TimeEntry Level · 1 - 2 Yrs of Exp · males_only · Engineering - Mechanical/Electrical · Mechanical Engineering · Auto CAD · Solid Work · Engineering · AutoCAD · Revit,https://wuzzuf.net/jobs/p/Ww1uQLojnOXt-Mechanical-Engineer-Alexandria-Egypt?o=48&l=sp&t=sj&a=mechanical enginner|search-v3|hpb
Mechanical Engineer,Confidential -,"Faisal, Giza, Egypt ",Full TimeExperienced · 2+ Yrs of Exp · Engineering - Mechanical/Electrical · Engineering · Maintenance · Mechanical · Mechanical Engineering · Power Engineering · Industrial,https://wuzzuf.net/jobs/p/kheIMKL98g9B-Mechanical-Engineer-Giza-Egypt?o=49&l=sp&t=sj&a=mechanical enginner|search-v3|hpb
Mechanical Quality Control Engineer,INTECH -,"6th of October, Giza, Egypt ",Full TimeEntry Level · 1 - 3 Yrs of Exp · Engineering - Construction/Civil/Architecture · Quality · Engineering - Mechanical/Electrical · Quality Control · Engineering · Quality Assurance · Mechanical Engineering,https://wuzzuf.net/jobs/p/bM7CuzY2ZgSw-Mechanical-Quality-Control-Engineer-INTECH-Giza-Egypt?o=50&l=sp&t=sj&a=mechanical enginner|search-v3|hpb
Mechanical Inspection Engineer,Amreyah Cement - InterCement -,"Alexandria, Egypt ",Full TimeExperienced · 3 - 5 Yrs of Exp · Engineering - Construction/Civil/Architecture · Manufacturing/Production · Engineering - Mechanical/Electrical · engineer · Engineering · Inspection · Maintenance · Mechanical Engineering · Mechanical,https://wuzzuf.net/jobs/p/WSY2xnJdXzBo-Mechanical-Inspection-Engineer-Amreyah-Cement---InterCement-Alexandria-Egypt?o=51&l=sp&t=sj&a=mechanical enginner|search-v3|hpb
Mechanical Site Engineer,MH-Group -,"Cairo, Egypt ",Full TimeExperienced · 3 - 5 Yrs of Exp · Engineering - Construction/Civil/Architecture · Mechanical Engineering · Engineering,https://wuzzuf.net/jobs/p/v6pFpu8ebD38-Mechanical-Site-Engineer-MH-Group-Cairo-Egypt?o=52&l=sp&t=sj&a=mechanical enginner|search-v3|hpb
Senior Mechanical Engineer,Urban Estate -,"New Cairo, Cairo, Egypt ","Full TimeExperienced · 5 - 8 Yrs of Exp · Engineering - Mechanical/Electrical · Mechanical Engineering · AutoCAD · Engineering · Mechanical · Construction Engineering · Construction · Mechanical, Electrical, and Plumbing (MEP) · Mechanical Design · Computer Science",https://wuzzuf.net/jobs/p/8NZbRLqN5SdY-Senior-Mechanical-Engineer-Urban-Estate-Cairo-Egypt?o=53&l=sp&t=sj&a=mechanical enginner|search-v3|hpb
Junior Mechanical Engineer (production major),TEPCO S.A.E. -,"6th of October, Giza, Egypt ",Full TimeEntry Level · 0 - 2 Yrs of Exp · Manufacturing/Production · Engineering - Mechanical/Electrical · Mechanical Engineering · Engineering · English,https://wuzzuf.net/jobs/p/p4Eb3Aw1yX4b-Junior-Mechanical-Engineer-production-major-TEPCO-S-A-E-Giza-Egypt?o=54&l=sp&t=sj&a=mechanical enginner|search-v3|hpb
Junior Mechanical Site Engineer,EMS Solutions -,"6th of October, Giza, Egypt ",Full TimeEntry Level · 1+ Yrs of Exp · Engineering - Mechanical/Electrical · Engineering · Mechanical Engineering · Mechanical · AutoCAD · Design · Installation · Projects · Management · Construction,https://wuzzuf.net/jobs/p/071mlcvU141d-Junior-Mechanical-Site-Engineer-EMS-Solutions-Giza-Egypt?o=55&l=sp&t=sj&a=mechanical enginner|search-v3|hpb
Mechanical Site Manager - Waste Heat Recovery Project,Suez Cement – Heidelberg Cement -,"Helwan, Cairo, Egypt ",Full TimeFreelance / ProjectManager · 15+ Yrs of Exp · Installation/Maintenance/Repair · Engineering - Mechanical/Electrical · Mechanical Engineering · Power Plants · Mechanical · Power · Project,https://wuzzuf.net/jobs/p/My2wtffrXBKR-Mechanical-Site-Manager---Waste-Heat-Recovery-Project-Suez-Cement-–-Heidelberg-Cement-Cairo-Egypt?o=56&l=sp&t=sj&a=mechanical enginner|search-v3|hpb
Senior Mechanical Maintenance Engineer - Ismailia Residents,Egypro FME -,"Ismailia, Ismailia, Egypt ",Full TimeExperienced · 7 - 10 Yrs of Exp · Installation/Maintenance/Repair · Engineering - Mechanical/Electrical · Preventive Maintenance · Maintenance · Site Management · Maintenance Engineering · HVAC · Engineering · MEP · Facility Management,https://wuzzuf.net/jobs/p/mnsbAwea9Bsg-Senior-Mechanical-Maintenance-Engineer---Ismailia-Residents-Egypro-FME-Ismailia-Egypt?o=57&l=sp&t=sj&a=mechanical enginner|search-v3|hpb
Senior Mechanical Engineer (HVAC_Design),Orient Egypt -,"Dokki, Giza, Egypt ",Full TimeExperienced · 4 - 8 Yrs of Exp · Engineering - Mechanical/Electrical · AutoCAD · Mechanical · Mechanical Engineering · English · Skills · Engineering · HVAC Design · HVAC · Microsoft Office,https://wuzzuf.net/jobs/p/jWtEpeY3nOG4-Senior-Mechanical-Engineer-HVACDesign-Orient-Egypt-Giza-Egypt?o=58&l=sp&t=sj&a=mechanical enginner|search-v3|hpb
Mechanical Engineer,AK Design Concepts -,"Cairo, Egypt ",Full TimeExperienced · 3+ Yrs of Exp · Installation/Maintenance/Repair · Engineering - Mechanical/Electrical · Electrical Engineering · Mechanical Engineering · Engineering · Mechanical engineer · Mechanical · Maintenance · MEP · AC,https://wuzzuf.net/jobs/p/LU0xQw4Ribgb-Mechanical-Engineer-AK-Design-Concepts-Cairo-Egypt?o=59&l=sp&t=sj&a=mechanical enginner|search-v3|hpb
Senior Mechanical Engineer (plumping/Firefighting _Design),Orient Egypt -,"Dokki, Giza, Egypt ",Full TimeExperienced · 4 - 8 Yrs of Exp · Engineering - Mechanical/Electrical · CAD · Auto cad · Design · Engineering · Fire Fighting · Plumbing · Mechanical Engineering · English · Microsoft Office,https://wuzzuf.net/jobs/p/cAcof0kYemeV-Senior-Mechanical-Engineer-plumpingFirefighting-Design-Orient-Egypt-Giza-Egypt?o=60&l=sp&t=sj&a=mechanical enginner|search-v3|hpb
Senior Contracts Engineer,Confidential -,"Cairo, Egypt ",Full TimeExperienced · 6+ Yrs of Exp · Engineering - Construction/Civil/Architecture · Engineering - Mechanical/Electrical · Contracts · FIDIC · contracts engineer · Construction · clac · Civil Engineering · Mechanical · PMP,https://wuzzuf.net/jobs/p/3sIhL9ZJKaEP-Senior-Contracts-Engineer-Cairo-Egypt?o=91&l=sp&t=sj&a=mechanical enginner|search-v3|hpb
Tender Engineer,United Engineering company -,"Haram, Giza, Egypt ",Full TimeExperienced · 3 - 5 Yrs of Exp · Engineering - Mechanical/Electrical · Mechanical Engineering · Plumbing · HVAC · Plumbing systems · Firefighting · English · Mechanical · Tendering,https://wuzzuf.net/jobs/p/gLHl2mhteqc8-Tender-Engineer-United-Engineering-company-Giza-Egypt?o=92&l=sp&t=sj&a=mechanical enginner|search-v3|hpb
Estimation Engineer (Offering & Tendering Engineer),Basco Engineering &Trading -,"Heliopolis, Cairo, Egypt ",Full TimeExperienced · 2 - 4 Yrs of Exp · Engineering - Mechanical/Electrical · Engineering · Cost Estimation · Electrical Engineering · Electrical · Tendering · Communication Skills · Mechanical,https://wuzzuf.net/jobs/p/ajFCluyLC4yQ-Estimation-Engineer-Offering-Tendering-Engineer-Basco-Engineering-Trading-Cairo-Egypt?o=93&l=sp&t=sj&a=mechanical enginner|search-v3|hpb
Cost Control Engineer,MEP Construction -,"New Cairo, Cairo, Egypt ",Full TimeExperienced · 3 - 4 Yrs of Exp · Engineering - Construction/Civil/Architecture · Engineering - Mechanical/Electrical · Cost Control · Engineering · Cost · Control · Mechanical Engineering · Electrical Engineering · Civil Engineering · Primavera,https://wuzzuf.net/jobs/p/zimj6cUxoCGC-Cost-Control-Engineer-MEP-Construction-Cairo-Egypt?o=94&l=sp&t=sj&a=mechanical enginner|search-v3|hpb
Production Engineer,Hyma Plastic -,"Abu Rawash, Giza, Egypt ",Full TimeEntry Level · 1 - 4 Yrs of Exp · Manufacturing/Production · Engineering - Mechanical/Electrical · engineer · Manufacturing · Engineering · Mechanical Engineering · Production engineer · Production · Mechanical · Industry,https://wuzzuf.net/jobs/p/yfexDznH0UO4-Production-Engineer-Hyma-Plastic-Giza-Egypt?o=95&l=sp&t=sj&a=mechanical enginner|search-v3|hpb
Automation System Engineer,MISC -,"Heliopolis, Cairo, Egypt ",Full TimeExperienced · 1 - 3 Yrs of Exp · males_only · IT/Software Development · Engineering - Telecom/Technology · Engineering - Mechanical/Electrical · Engineering · Telecommunication · Electrical Engineering · Automation Projects · Wiring Diagrams · FAT Tests · BOM,https://wuzzuf.net/jobs/p/aF7hGgmL8ZTz-Automation-System-Engineer-MISC-Cairo-Egypt?o=96&l=sp&t=sj&a=mechanical enginner|search-v3|hpb
Junior Piping Engineer (Suez),Micro Engineering -,"Suez, Egypt ",Full TimeEntry Level · 0 - 1 Yrs of Exp · Engineering - Mechanical/Electrical · API · CAD · Engineering · Mechanical · Mechanical Engineering · Software Development · Computer Science · Information Technology (IT),https://wuzzuf.net/jobs/p/Qce9EmyNGF0N-Junior-Piping-Engineer-Suez-Micro-Engineering-Suez-Egypt?o=97&l=sp&t=sj&a=mechanical enginner|search-v3|hpb
Production Engineer - Shift Leader,SE Wiring Systems EGYPT -,"6th of October, Giza, Egypt ",Full TimeEntry Level · 1 - 2 Yrs of Exp · Manufacturing/Production · Engineering - Mechanical/Electrical · Engineering - Other · Leadership · Engineering · Manufacturing · Mechanical Engineering · Production,https://wuzzuf.net/jobs/p/BRHxU1XWRaEf-Production-Engineer---Shift-Leader-SE-Wiring-Systems-EGYPT-Giza-Egypt?o=98&l=sp&t=sj&a=mechanical enginner|search-v3|hpb
Production Planning Engineer - (6th Of October),Cellopack for Packaging Industries -,"6th of October, Giza, Egypt ",Full TimeEntry Level · 1 - 2 Yrs of Exp · Manufacturing/Production · Project/Program Management · Engineering - Mechanical/Electrical · Production · Mechanical Engineering · Mechanical Production · Microsoft Office · Manufacturing · Industrial Engineering · Planning,https://wuzzuf.net/jobs/p/zRuDhQf3oseo-Production-Planning-Engineer---6th-Of-October-Cellopack-for-Packaging-Industries-Giza-Egypt?o=99&l=sp&t=sj&a=mechanical enginner|search-v3|hpb
Electrical Engineer,Confidential -,"Salam City, Cairo, Egypt ",Full TimeEntry Level · 1 - 3 Yrs of Exp · Engineering - Mechanical/Electrical · Electrical Engineering · Engineering · Electrical · Mechanical Engineering · MS Office · English,https://wuzzuf.net/jobs/p/EZHAeXPzxE64-Electrical-Engineer-Cairo-Egypt?o=100&l=sp&t=sj&a=mechanical enginner|search-v3|hpb
Workshop Engineer,Nour Eldin Elsherif for Trading vehicles -,"Smouha, Alexandria, Egypt ",Full TimeExperienced · 3 - 5 Yrs of Exp · Installation/Maintenance/Repair · Engineering - Mechanical/Electrical · Engineering · Workshop · Automotive · Automotive Engineering · Mechanical Engineering · Maintenance · English,https://wuzzuf.net/jobs/p/lyU3bqyk318c-Workshop-Engineer-Nour-Eldin-Elsherif-for-Trading-vehicles-Alexandria-Egypt?o=101&l=sp&t=sj&a=mechanical enginner|search-v3|hpb
Senior Planning Engineer,Royal Herbs  -,"Giza, Egypt ",Full TimeExperienced · 3 - 6 Yrs of Exp · Logistics/Supply Chain · Engineering - Mechanical/Electrical · Engineering · Manufacturing · FMCG · Mechanical Engineering · Production · Planning · Supply Chain,https://wuzzuf.net/jobs/p/uyinOZkFA8ah-Senior-Planning-Engineer-Royal-Herbs-Giza-Egypt?o=102&l=sp&t=sj&a=mechanical enginner|search-v3|hpb
Service Advisor Automotive Engineer,Kasrawy Group -,"Nasr City, Cairo, Egypt ",Full TimeExperienced · 2 - 3 Yrs of Exp · Customer Service/Support · Installation/Maintenance/Repair · Engineering - Mechanical/Electrical · Customer Service · Engineering · Mechanical Engineering · Service advisor · Service · Automotive,https://wuzzuf.net/jobs/p/gOygnb1kmJA9-Service-Advisor-Automotive-Engineer-Kasrawy-Group-Cairo-Egypt?o=103&l=sp&t=sj&a=mechanical enginner|search-v3|hpb
Production Engineer,Comet Group for Industry -,"10th of Ramadan City, Sharqia, Egypt ",Full TimeExperienced · 2 - 3 Yrs of Exp · Manufacturing/Production · Engineering - Mechanical/Electrical · AutoCAD · Engineering · Manufacturing · SolidWorks · Production · AutoCAD 2D · Sheet Metal · Mechatronics,https://wuzzuf.net/jobs/p/A6Zg2rfSB6VJ-Production-Engineer-Comet-Group-for-Industry-Sharqia-Egypt?o=104&l=sp&t=sj&a=mechanical enginner|search-v3|hpb
HVAC Design Engineer, AMO-EGY -,"Nasr City, Cairo, Egypt ",Full TimeExperienced · 7 - 10 Yrs of Exp · Engineering - Mechanical/Electrical · Design · HVAC · Revit · AutoCAD · MS Office · Mechanical · BIM,https://wuzzuf.net/jobs/p/xmGNU0WuL7HO-HVAC-Design-Engineer-AMO-EGY-Cairo-Egypt?o=105&l=sp&t=sj&a=mechanical enginner|search-v3|hpb
IOT Solution Engineer - Cairo,Consomity -,"Nasr City, Cairo, Egypt ",Full TimeExperienced · 7 - 10 Yrs of Exp · Engineering - Telecom/Technology · Engineering - Mechanical/Electrical · Consultancy · AutoCAD · Engineering · Technical Office · Electrical Engineering · Mechanical Engineering · Water Treatment · Drainage,https://wuzzuf.net/jobs/p/BJGrk8yk7HDs-IOT-Solution-Engineer---Cairo-Consomity-Cairo-Egypt?o=106&l=sp&t=sj&a=mechanical enginner|search-v3|hpb
Project Engineer,365 Ecology -,"Alexandria, Egypt ",InternshipEntry Level · Project/Program Management · Engineering - Mechanical/Electrical · Engineering · Internship · Mechanical Engineering · MEP Engineering · Training · Project Management,https://wuzzuf.net/jobs/p/LBkj10rQMiYL-Project-Engineer-365-Ecology-Alexandria-Egypt?o=107&l=sp&t=sj&a=mechanical enginner|search-v3|hpb
CNG Engineer,Saadeldin -,"Cairo, Egypt ",Full TimeExperienced · 10+ Yrs of Exp · Engineering - Mechanical/Electrical · Engineering - Other · Engineering · Mechanical Engineering · CNG · HVAC · HVAC Systems,https://wuzzuf.net/jobs/p/e8GiQyv2tAJ4-CNG-Engineer-Saadeldin-Cairo-Egypt?o=108&l=sp&t=sj&a=mechanical enginner|search-v3|hpb
Sales Engineer,Confidential -,"Cairo, Egypt ",Full TimeExperienced · 3 - 5 Yrs of Exp · Sales/Retail · Engineering - Mechanical/Electrical · Communication · Communication skills · Electrical · Engineering · English · Mechanical · Mechatronics · Presentation Skills,https://wuzzuf.net/jobs/p/uHha3oIUyFvd-Sales-Engineer-Cairo-Egypt?o=109&l=sp&t=sj&a=mechanical enginner|search-v3|hpb
Production Engineer,Green Line For Glass Metal Architecture -,"Nasr City, Cairo, Egypt ",Full TimeEntry Level · 0 - 3 Yrs of Exp · males_only · Manufacturing/Production · Engineering - Mechanical/Electrical · CAD · Manufacturing · Production · Solid work · Mechanical Engineering · Aluminum · Engineering · Factory,https://wuzzuf.net/jobs/p/wfwOIdNKBmnq-Production-Engineer-Green-Line-For-Glass-Metal-Architecture-Cairo-Egypt?o=110&l=sp&t=sj&a=mechanical enginner|search-v3|hpb
Service Advisor Engineer,Czech service center -,"Abu Rawash, Giza, Egypt ",Full TimeExperienced · 2+ Yrs of Exp · Engineering - Other · Automotive · Mechanical Engineering · Customer Care · vw · skoda · audi · seat · Engineering,https://wuzzuf.net/jobs/p/x6OHLQTvsq0G-Service-Advisor-Engineer-Czech-service-center-Giza-Egypt?o=111&l=sp&t=sj&a=mechanical enginner|search-v3|hpb
Industrial Engineer,Confidential -,"Nasr City, Cairo, Egypt ",Full TimeEntry Level · 0 - 1 Yrs of Exp · Manufacturing/Production · Engineering - Mechanical/Electrical · Engineering - Other · Engineering · Industrial · Mechanical Engineering · Production,https://wuzzuf.net/jobs/p/9xFQfzvxCNDE-Industrial-Engineer-Cairo-Egypt?o=112&l=sp&t=sj&a=mechanical enginner|search-v3|hpb
Senior Sales Engineer - Pumps & Valves,DAOUD Group -,"Cairo, Egypt ",Full TimeExperienced · 7 - 15 Yrs of Exp · Sales/Retail · Engineering - Mechanical/Electrical · Sales · Electrical Engineering · Engineering · Sales Skills · Mechatronics · Mechanical · Mechanical Engineering · Pumps,https://wuzzuf.net/jobs/p/hUucQSvG3cHV-Senior-Sales-Engineer---Pumps-Valves-DAOUD-Group-Cairo-Egypt?o=113&l=sp&t=sj&a=mechanical enginner|search-v3|hpb
Senior Sales Engineer - Electric Motors & Gearboxes,DAOUD Group -,"Cairo, Egypt ",Full TimeExperienced · 3 - 5 Yrs of Exp · Sales/Retail · Engineering - Mechanical/Electrical · Electrical Engineering · Sales · Sales Skills · Engineering · Mechatronics · Mechanical · Electric Motors · Motors,https://wuzzuf.net/jobs/p/tw1bEhO2qWhF-Senior-Sales-Engineer---Electric-Motors-Gearboxes-DAOUD-Group-Cairo-Egypt?o=114&l=sp&t=sj&a=mechanical enginner|search-v3|hpb
Technical Marketing Engineering,Sierra Engineering & Manufacturing -,"Cairo, Egypt ",Full TimeExperienced · 4 - 5 Yrs of Exp · males_only · Marketing/PR/Advertising · Engineering - Mechanical/Electrical · Communication · Engineering · Marketing · Mechanical · Sales · technical · Technical Support · Valves,https://wuzzuf.net/jobs/p/3EiW4cLxbCDD-Technical-Marketing-Engineering-Sierra-Engineering-Manufacturing-Cairo-Egypt?o=115&l=sp&t=sj&a=mechanical enginner|search-v3|hpb
Senior Mechanical Maintenance Engineer Heavy Equipment,Al Janobi Co. For Contracting -,"Arar, Saudi Arabia ",Full TimeExperienced · 10 - 15 Yrs of Exp · Installation/Maintenance/Repair · Engineering - Mechanical/Electrical · Automotive · Communication · Maintenance · Communication skills · Electrical Engineering · Heavy Equipment · Mechanical · Mechanical Engineering,https://wuzzuf.net/jobs/p/tOgSWVlIj9Tv-Senior-Mechanical-Maintenance-Engineer-Heavy-Equipment-Al-Janobi-Co-For-Contracting-Arar-Saudi-Arabia?o=116&l=sp&t=sj&a=mechanical enginner|search-v3|hpb
Technical BMS Sales Engineer,UNI Power -,"6th of October, Giza, Egypt ",Full TimeEntry Level · 1 - 3 Yrs of Exp · Sales/Retail · Engineering - Mechanical/Electrical · Engineering - Other · BMS · HVAC · Mechanical · Mechatronics · Engineering · Sales · Sales engineer,https://wuzzuf.net/jobs/p/kbhuC9LbtVUM-Technical-BMS-Sales-Engineer-UNI-Power-Giza-Egypt?o=117&l=sp&t=sj&a=mechanical enginner|search-v3|hpb
Electrical Maintenance Engineer,Marbella For Food Industry  -,"6th of October, Giza, Egypt ",Full TimeExperienced · 3 - 10 Yrs of Exp · Installation/Maintenance/Repair · Manufacturing/Production · Engineering - Mechanical/Electrical · Maintenance · Maintenance Engineer · Food Production · Electrical Engineering · Mechanical Engineering · Manufacturing · AutoCAD,https://wuzzuf.net/jobs/p/ANOghpSr3ntP-Electrical-Maintenance-Engineer-Marbella-For-Food-Industry-Giza-Egypt?o=118&l=sp&t=sj&a=mechanical enginner|search-v3|hpb
Technical Sales Engineer - Alexandria,Industrial Services Center - Datco -,"Alexandria, Egypt ",Full TimeExperienced · 2 - 5 Yrs of Exp · Sales/Retail · Engineering - Mechanical/Electrical · Engineering · Industrial · Sales · sales skills · Mechanical · English · Mechanical Engineering · Mechatronics,https://wuzzuf.net/jobs/p/wkQeeDIpcEGD-Technical-Sales-Engineer---Alexandria-Industrial-Services-Center---Datco-Alexandria-Egypt?o=119&l=sp&t=sj&a=mechanical enginner|search-v3|hpb
MEP Tendering Engineer,Asass -,"New Cairo, Cairo, Egypt ",Full TimeEntry Level · 1 - 3 Yrs of Exp · Engineering - Mechanical/Electrical · Electrical Engineering · Mechanical Engineering · Electrical · MEP · MS Office · Tendering · Engineering · Mechanical,https://wuzzuf.net/jobs/p/HaJ86pqtmYaj-MEP-Tendering-Engineer-Asass-Cairo-Egypt?o=120&l=sp&t=sj&a=mechanical enginner|search-v3|hpb
Technical Office Engineer,United Engineering company -,"Haram, Giza, Egypt ",Full TimeExperienced · 4 - 6 Yrs of Exp · Creative/Design/Art · Engineering - Mechanical/Electrical · Mechanical Engineering · Communication Skills · Mechanical · Microsoft Office · Design · Technical Office Engineering · Mechanical Technical Office,https://wuzzuf.net/jobs/p/E9Rbqf67bFdv-Technical-Office-Engineer-United-Engineering-company-Giza-Egypt?o=121&l=sp&t=sj&a=mechanical enginner|search-v3|hpb
Sales Engineer (SHELL Lubricant Products) - Canal Cities,Industrial Services Center - Datco -,"Suez, Egypt ",Full TimeEntry Level · 1 - 5 Yrs of Exp · Sales/Retail · Engineering - Mechanical/Electrical · Engineering · Sales · Oil · Lubricants · Account Management · Sales Target · sales skills · English,https://wuzzuf.net/jobs/p/bas8YZYubA0S-Sales-Engineer-SHELL-Lubricant-Products---Canal-Cities-Industrial-Services-Center---Datco-Suez-Egypt?o=122&l=sp&t=sj&a=mechanical enginner|search-v3|hpb
Sales Engineer (SHELL Lubricant Products) - Upper Egypt,Industrial Services Center - Datco -,"Assuit, Assiut, Egypt ",Full TimeEntry Level · 1 - 5 Yrs of Exp · Sales/Retail · Engineering - Mechanical/Electrical · Sales · Engineering · Lubricants · Account Management · sales skills · English · Sales Target · Electrical Engineering,https://wuzzuf.net/jobs/p/AaRNy9xy0iqn-Sales-Engineer-SHELL-Lubricant-Products---Upper-Egypt-Industrial-Services-Center---Datco-Assiut-Egypt?o=123&l=sp&t=sj&a=mechanical enginner|search-v3|hpb
Technical Sales Coordinator/ Engineer,Industrial Services Center - Datco -,"Cairo, Egypt ",Full TimeEntry Level · 1 - 3 Yrs of Exp · females_only · Sales/Retail · Engineering - Mechanical/Electrical · Sales · Engineering · Sales Skills · Sales Target · English · Microsoft Office · Arabic · Pre-Sales,https://wuzzuf.net/jobs/p/QvfXfIIqhOan-Technical-Sales-Coordinator-Engineer-Industrial-Services-Center---Datco-Cairo-Egypt?o=124&l=sp&t=sj&a=mechanical enginner|search-v3|hpb
Senior Mechanical Engineer (English Fluent),Human Quality -,"Zamalek, Cairo, Egypt ",Full TimeExperienced · 7 - 8 Yrs of Exp · Engineering - Mechanical/Electrical · Mechanical Engineering · Engineering · Revit · AutoCAD · HAP,https://wuzzuf.net/jobs/p/ee81IOzDcOFw-Senior-Mechanical-Engineer-English-Fluent-Human-Quality-Cairo-Egypt?o=125&l=sp&t=sj&a=mechanical enginner|search-v3|hpb
Senior Engineer (Fleet Maintenance),Ostool Transport -,"6th of October, Giza, Egypt ",Full TimeExperienced · 5 - 6 Yrs of Exp · Installation/Maintenance/Repair · Logistics/Supply Chain · Engineering - Mechanical/Electrical · Mechanical · Mechanical Engineering · Logistics · Maintenance · Automotive · Engineering · Power,https://wuzzuf.net/jobs/p/gMbFQKjQV0oI-Senior-Engineer-Fleet-Maintenance-Ostool-Transport-Giza-Egypt?o=126&l=sp&t=sj&a=mechanical enginner|search-v3|hpb
Mechatronics Engineer,Confidential -,"Cairo, Egypt ",Full TimeEntry Level · 1+ Yrs of Exp · Engineering - Telecom/Technology · Engineering - Mechanical/Electrical · Engineering · Mechanical Design · Mechanical Engineering · Electrical Engineering · Mechatronics Engineering · Mechatronics,https://wuzzuf.net/jobs/p/sh7dFosNbTXF-Mechatronics-Engineer-Cairo-Egypt?o=127&l=sp&t=sj&a=mechanical enginner|search-v3|hpb
Sales Engineer- Air Conditioning,Partner & More -,"Obour City, Cairo, Egypt ",Full TimeExperienced · 3 - 5 Yrs of Exp · Sales/Retail · Engineering - Mechanical/Electrical · Air Conditioning · Engineering · HVAC · Mechanical Engineering · Negotiation · Selling · Skills,https://wuzzuf.net/jobs/p/mHDgseq17rvS-Sales-Engineer--Air-Conditioning-Partner-More-Cairo-Egypt?o=128&l=sp&t=sj&a=mechanical enginner|search-v3|hpb
"Production Engineer FMCG ""Chocolate Manufacturing""",Marbella For Food Industry  -,"6th of October, Giza, Egypt ",Full TimeExperienced · 3 - 8 Yrs of Exp · Manufacturing/Production · Engineering - Mechanical/Electrical · Engineering · FMCG · Production · Manufacturing · Mechanical Engineering · Food Production · Food Manufacturing,https://wuzzuf.net/jobs/p/94D8VqBZONZc-Production-Engineer-FMCG-Chocolate-Manufacturing-Marbella-For-Food-Industry-Giza-Egypt?o=129&l=sp&t=sj&a=mechanical enginner|search-v3|hpb
Maintenance Engineer,Halwani Bros -,"Cairo, Egypt ",Full TimeExperienced · 2 - 4 Yrs of Exp · Installation/Maintenance/Repair · Engineering - Mechanical/Electrical · Electrical Engineering · Engineering · Maintenance · Mechanical Engineering,https://wuzzuf.net/jobs/p/DZhYOoK1iP3L-Maintenance-Engineer-Halwani-Bros-Cairo-Egypt?o=130&l=sp&t=sj&a=mechanical enginner|search-v3|hpb
Mechanical Engineer,Talenco For Engineering & Contracting -,"New Cairo, Cairo, Egypt ",Full TimeExperienced · 2+ Yrs of Exp · Engineering - Mechanical/Electrical · Construction · Engineering · Fire Fighting · HVAC · Mechanical · Mechanical Engineering · Plumbing · Shop Drawings · Technical Office,https://wuzzuf.net/jobs/p/jSW047jquqhR-Mechanical-Engineer-Talenco-For-Engineering-Contracting-Cairo-Egypt?o=131&l=sp&t=sj&a=mechanical enginner|search-v3|hpb
Quality Engineer,Kama Manufacturing -,"10th of Ramadan City, Sharqia, Egypt ",Full TimeEntry Level · 0 - 3 Yrs of Exp · Quality · Engineering - Mechanical/Electrical · Quality Control · Quality Assurance · Chemical · Engineering · Mechanical Engineering · SAP · Statistical Process Control · Quality,https://wuzzuf.net/jobs/p/JZ58cZg2JfbD-Quality-Engineer-Kama-Manufacturing-Sharqia-Egypt?o=132&l=sp&t=sj&a=mechanical enginner|search-v3|hpb
Service Advisor Engineer (Madinaty),Al-Mansour -,"New Cairo, Cairo, Egypt ",Full TimeExperienced · 2+ Yrs of Exp · Customer Service/Support · Engineering - Mechanical/Electrical · Workshop · Maintenance · Communication Skills · Sales Skills · Mechanical Engineering · Automotive · Engineering · Mechanical,https://wuzzuf.net/jobs/p/omTBkzgn4jge-Service-Advisor-Engineer-Madinaty-Al-Mansour-Cairo-Egypt?o=133&l=sp&t=sj&a=mechanical enginner|search-v3|hpb
Production Engineer - 6th of October City,Bedaya -,"6th of October, Giza, Egypt ",Full TimeEntry Level · 1 - 3 Yrs of Exp · males_only · Manufacturing/Production · Engineering - Mechanical/Electrical · Engineering - Other · Industrial Engineering · Manufacturing · Mechanical · Mechanical Engineering · Lean manufacturing · Industrial · Engineering,https://wuzzuf.net/jobs/p/0aVKgGokNq4m-Production-Engineer---6th-of-October-City-Bedaya-Giza-Egypt?o=134&l=sp&t=sj&a=mechanical enginner|search-v3|hpb
Engineer has (Experience in Laser Cutting machines (CO2),AICS -,"Alexandria, Egypt ",Full TimeVolunteeringEntry Level · 1+ Yrs of Exp · Manufacturing/Production · Engineering - Mechanical/Electrical · CNC Machines · CNC · Engineering · Mechanical Engineering · Production · Machines · Laser · Cutting machines,https://wuzzuf.net/jobs/p/idQz6R2hFh5b-Engineer-has-Experience-in-Laser-Cutting-machines-CO2-AICS-Alexandria-Egypt?o=135&l=sp&t=sj&a=mechanical enginner|search-v3|hpb
Electrical Engineer,Egypt Bakery Stores -,"Katameya, Cairo, Egypt ",Full TimeEntry Level · 0 - 1 Yrs of Exp · Engineering - Mechanical/Electrical · Engineering · Maintenance · Mechanical Engineering · Electrical Engineering,https://wuzzuf.net/jobs/p/D3i86OuwjELz-Electrical-Engineer-Egypt-Bakery-Stores-Cairo-Egypt?o=136&l=sp&t=sj&a=mechanical enginner|search-v3|hpb
Mechanical Material Planning Engineer,Chint Egemac -,"6th of October, Giza, Egypt ",Full TimeEntry Level · 0 - 2 Yrs of Exp · males_only · Manufacturing/Production · Engineering - Mechanical/Electrical · Solid works · Mechanical Engineering · Planning · SAP · Mechanical · Solid Works · Design · Engineering,https://wuzzuf.net/jobs/p/YRH4ym6PJR1i-Mechanical-Material-Planning-Engineer-Chint-Egemac-Giza-Egypt?o=137&l=sp&t=sj&a=mechanical enginner|search-v3|hpb
Mechanical Site Engineer- General Contracting,Confidential -,"New Cairo, Cairo, Egypt ",Full TimeExperienced · 2 - 5 Yrs of Exp · Installation/Maintenance/Repair · Project/Program Management · Engineering - Mechanical/Electrical · Engineering · Computer Skills · Communication Skills · Construction · Electromechanic · Contracting · Mechanical Engineering,https://wuzzuf.net/jobs/p/eLsfMJ0kXoxI-Mechanical-Site-Engineer--General-Contracting-Cairo-Egypt?o=138&l=sp&t=sj&a=mechanical enginner|search-v3|hpb
Mechanical Power Engineer - Cairo,IMUT International Marathon United Technology -,"Obour City, Cairo, Egypt ",Full TimeExperienced · 2 - 3 Yrs of Exp · Engineering - Mechanical/Electrical · Electrical Engineering · Engineering · Mechanical Engineering · Maintenance · Transportation,https://wuzzuf.net/jobs/p/2xuoKLubaEIu-Mechanical-Power-Engineer---Cairo-IMUT-International-Marathon-United-Technology-Cairo-Egypt?o=139&l=sp&t=sj&a=mechanical enginner|search-v3|hpb
Manufacturing Engineer,Samaya Electronics Egypt LTD -,"Nasr City, Cairo, Egypt ",Full TimeExperienced · 2 - 4 Yrs of Exp · Manufacturing/Production · Engineering - Mechanical/Electrical · Engineering · Mechanical Engineering · Mechatronics · Manufacturing · Mechanical,https://wuzzuf.net/jobs/p/1PUE8r48nbAo-Manufacturing-Engineer-Samaya-Electronics-Egypt-LTD-Cairo-Egypt?o=140&l=sp&t=sj&a=mechanical enginner|search-v3|hpb
Production Engineer,FlexFilms Egypt -,"6th of October, Giza, Egypt ",Full TimeExperienced · 4 - 6 Yrs of Exp · males_only · Manufacturing/Production · Engineering - Mechanical/Electrical · Engineering · Production · Mechanical Engineering · Manufacturing · Production Engineering · Microsoft Office,https://wuzzuf.net/jobs/p/Tf1hm4fyAKPM-Production-Engineer-FlexFilms-Egypt-Giza-Egypt?o=141&l=sp&t=sj&a=mechanical enginner|search-v3|hpb
MEP Shop Drawing Engineer,Arabia Holding -,"Cairo, Egypt ",Full TimeEntry Level · 1 - 3 Yrs of Exp · Creative/Design/Art · Engineering - Mechanical/Electrical · AutoCAD · Drawing · Engineering · MEP · Plumbing · shop drawing · Shop Drawings · Revit,https://wuzzuf.net/jobs/p/rakfZ2B0nmnD-MEP-Shop-Drawing-Engineer-Arabia-Holding-Cairo-Egypt?o=142&l=sp&t=sj&a=mechanical enginner|search-v3|hpb
MEP Business Development Engineer,EGICAT -,"Dokki, Giza, Egypt ",Full TimeExperienced · 5 - 7 Yrs of Exp · Business Development · Sales/Retail · Engineering - Mechanical/Electrical · Sales · Business Development · Engineering · MEP · Mechanical Engineering · Mechanical · Electrical Engineering,https://wuzzuf.net/jobs/p/5T8K4byVNYkR-MEP-Business-Development-Engineer-EGICAT-Giza-Egypt?o=143&l=sp&t=sj&a=mechanical enginner|search-v3|hpb
Lean Engineer,Alex Apparels for Garment Manufacturing -,"Ameria, Alexandria, Egypt ",Full TimeEntry Level · 0 - 2 Yrs of Exp · Manufacturing/Production · Engineering - Mechanical/Electrical · Engineering - Other · Engineering · English · Industrial · Production · Skills · Lean Six Sigma · Lean Engineering,https://wuzzuf.net/jobs/p/Ugsh0v7VI2Ss-Lean-Engineer-Alex-Apparels-for-Garment-Manufacturing-Alexandria-Egypt?o=144&l=sp&t=sj&a=mechanical enginner|search-v3|hpb
Mechanical Design / R&D Manager,Confidential -,"khanka, Qalubia, Egypt ",Full TimeManager · 6+ Yrs of Exp · Creative/Design/Art · Engineering - Mechanical/Electrical · Engineering · Mechanical Engineering · AutoCAD · Design · R&D · English · Mechanical · Solid Works,https://wuzzuf.net/jobs/p/t5OJFSbe5yyW-Mechanical-Design-RD-Manager-Qalubia-Egypt?o=145&l=sp&t=sj&a=mechanical enginner|search-v3|hpb
Safety Engineer,Confidential -,"New Cairo, Cairo, Egypt ",Full TimeExperienced · 6 - 8 Yrs of Exp · Engineering - Construction/Civil/Architecture · Engineering - Mechanical/Electrical · Construction · Engineering · Communication · HSE · ISO 14001 · ISO · Safety · Field,https://wuzzuf.net/jobs/p/yuHv2TiBnEmC-Safety-Engineer-Cairo-Egypt?o=146&l=sp&t=sj&a=mechanical enginner|search-v3|hpb
Customer Service Engineer,NCR -,"New Cairo, Cairo, Egypt ",Full TimeEntry Level · 1 - 3 Yrs of Exp · Customer Service/Support · Engineering - Mechanical/Electrical · Technical Support · Electrical Engineering · Mechanical Engineering · Mechatronics · Customer Service · Customer Care · Mechanical · Electrical,https://wuzzuf.net/jobs/p/iF8Q03Y5mbI5-Customer-Service-Engineer-NCR-Cairo-Egypt?o=147&l=sp&t=sj&a=mechanical enginner|search-v3|hpb
Junior Site Engineer,Hamza Group -,"Dokki, Giza, Egypt ",Full TimeEntry Level · 1 - 2 Yrs of Exp · Engineering - Mechanical/Electrical · Engineering · HVAC · Mechanical · Electro Mechanical · Sales · Site Engineering · Mechanical Engineering,https://wuzzuf.net/jobs/p/ZllSR30nh4Ts-Junior-Site-Engineer-Hamza-Group-Giza-Egypt?o=148&l=sp&t=sj&a=mechanical enginner|search-v3|hpb
Mechanical Engineer,Wadi Group -,"Sheikh Zayed, Giza, Egypt ",Full TimeExperienced · 3 - 5 Yrs of Exp · Installation/Maintenance/Repair · Engineering - Mechanical/Electrical · Maintenance · Mechanical Engineering · Engineering,https://wuzzuf.net/jobs/p/IcAHt6ZZAHUs-Mechanical-Engineer-Wadi-Group-Giza-Egypt?o=149&l=sp&t=sj&a=mechanical enginner|search-v3|hpb
Procurement Electrical Engineer,Value M.E.P Services -,"Dokki, Giza, Egypt ",Full TimeEntry Level · 1+ Yrs of Exp · Purchasing/Procurement · Engineering - Mechanical/Electrical · Procurement · Electrical Engineering · Engineering · Mechanical · Construction · Tendering,https://wuzzuf.net/jobs/p/sNq5Jviy4UKk-Procurement-Electrical-Engineer-Value-M-E-P-Services-Giza-Egypt?o=150&l=sp&t=sj&a=mechanical enginner|search-v3|hpb
