job title,links
Float Teacher (Lebanon),https://www.indeed.com/viewjob?jk=615da4f740853b3d&fccid=7a107b639429083b&vjs=3
edTPA Scorers (History & Social Studies) - Remote Part-time,https://www.indeed.com/viewjob?jk=fe64fff8fde7791f&fccid=915b1c0ee87e5e8a&vjs=3
"ESL Teacher, elementary",https://www.indeed.com/viewjob?jk=7db63d3ec5afb4c2&fccid=ca8246e07699953a&vjs=3
Middle School Math Teacher,https://www.indeed.com/viewjob?jk=38e0dc58a5c854ae&fccid=8a47b50f2e1c9f39&vjs=3
Prison Teacher,https://www.indeed.com/viewjob?jk=667c570a8e98458e&fccid=2d99bb71283486a7&vjs=3
Middle School English Teacher,https://www.indeed.com/viewjob?jk=f3ff0e0c3c81e123&fccid=426fe7735692822c&vjs=3
English Teacher,https://www.indeed.com/viewjob?jk=53f774ce482ecff4&fccid=ca8246e07699953a&vjs=3
ESL Program Supervisor,https://www.indeed.com/viewjob?jk=ac247a6ebfe12179&fccid=ca8246e07699953a&vjs=3
Part-time Science Teacher,https://www.indeed.com/viewjob?jk=24c72eb4164df2a8&fccid=426fe7735692822c&vjs=3
Math Teacher,https://www.indeed.com/viewjob?jk=4eac31fca4002d1e&fccid=b7506c30abd21922&vjs=3
Head Start Pre K Counts Teacher,https://www.indeed.com/viewjob?jk=88f927df5963506e&fccid=73b8b52c7250803d&vjs=3
"Director of Inclusion, Belonging & Equity",https://www.indeed.com/viewjob?jk=479aa8823f356168&fccid=ca8246e07699953a&vjs=3
