job title,company name,location,skills,links
,,,,
Amazon Web Services DevOps Engineer,Virtual Worker Now -,"Cairo, Egypt ",Full TimeExperienced  3 - 6 Yrs of Exp  IT/Software Development  Engineering - Telecom/Technology  DevOps  Computer Science  Information Technology (IT)  HTML  Java  JavaScript  AWS  Amazon Web Services DevOps Engineer,https://wuzzuf.net/jobs/p/gYYFxMd3waW0-Amazon-Web-Services-DevOps-Engineer-Virtual-Worker-Now-Cairo-Egypt?o=1&l=sp&t=sj&a=web engineer|search-v3|hpb
,,,,
Senior .Net Full Stack Web Developer,Confidential -,"Nasr City, Cairo, Egypt ",Full TimeExperienced  2 - 6 Yrs of Exp  IT/Software Development  Engineering - Telecom/Technology  Programming  Computer Science  Angular  Engineering  Git  HTML5  Information Technology (IT)  JavaScript,https://wuzzuf.net/jobs/p/TQIczIwQ0Hn6-Senior-Net-Full-Stack-Web-Developer-Cairo-Egypt?o=2&l=sp&t=sj&a=web engineer|search-v3|hpb
,,,,
Web Designer,Confidential -,"Maadi, Cairo, Egypt ",Full TimeEntry Level  1 - 2 Yrs of Exp  Creative/Design/Art  IT/Software Development  Engineering - Telecom/Technology  Web designer  Web Design  Web Development  Web  Designer  Computer Science  Information Technology (IT),https://wuzzuf.net/jobs/p/g51npqW8C3sb-Web-Designer-Cairo-Egypt?o=3&l=sp&t=sj&a=web engineer|search-v3|hpb
,,,,
Senior .Net Full Stack Web Developer On Site,Majisa -,"Maadi, Cairo, Egypt ",Full TimeExperienced  3 - 5 Yrs of Exp  IT/Software Development  Engineering - Telecom/Technology  MS SQL Server  Software Development  .Net  Agile  ASP.Net  Computer Science  Engineering  Information Technology (IT),https://wuzzuf.net/jobs/p/UDstQo9aaOZp-Senior-Net-Full-Stack-Web-Developer-On-Site-Majisa-Cairo-Egypt?o=4&l=sp&t=sj&a=web engineer|search-v3|hpb
,,,,
Web Developer,EGYTORC -,"Haram, Giza, Egypt ",Full TimeExperienced  3 - 5 Yrs of Exp  IT/Software Development  Engineering - Telecom/Technology  JavaScript  PHP  Software Development  .Net  ASP.Net  Computer Science  CSS  HTML,https://wuzzuf.net/jobs/p/eyr38uUIFfqs-Web-Developer-EGYTORC-Giza-Egypt?o=5&l=sp&t=sj&a=web engineer|search-v3|hpb
,,,,
Web Developer,LavaLoon -,"Nasr City, Cairo, Egypt ",Full TimeEntry Level  2 - 3 Yrs of Exp  IT/Software Development  Engineering - Telecom/Technology  JavaScript  WordPress  Information Technology (IT)  Software Development  Software Engineering  English  Computer Science  Configuration,https://wuzzuf.net/jobs/p/BR1asOhMsI15-Web-Developer-LavaLoon-Cairo-Egypt?o=6&l=sp&t=sj&a=web engineer|search-v3|hpb
,,,,
Senior Web Developer (PHP - Open-Source),Flojics -,"Alexandria, Egypt ",Full TimeExperienced  5+ Yrs of Exp  IT/Software Development  Engineering - Telecom/Technology  Git  Information Technology (IT)  Laravel  PHP  Software Development  React  MySQL  JavaScript,https://wuzzuf.net/jobs/p/oEq8iUyoT33x-Senior-Web-Developer-PHP---Open-Source-Flojics-Alexandria-Egypt?o=7&l=sp&t=sj&a=web engineer|search-v3|hpb
,,,,
Senior Web.Net Developer,El-Amir Group -,"Nozha, Cairo, Egypt ",Full TimeExperienced  8 - 10 Yrs of Exp  males_only  IT/Software Development  Engineering - Telecom/Technology  Software Development  Crystal Reports  ASP.NET  VB.Net  Microsoft SQL Server  Information Technology (IT)  Computer Science  .NET,https://wuzzuf.net/jobs/p/WHlVXXOAuoxi-Senior-WebNet-Developer-El-Amir-Group-Cairo-Egypt?o=8&l=sp&t=sj&a=web engineer|search-v3|hpb
,,,,
Web Development Team Lead,Trufla -,"Heliopolis, Cairo, Egypt ",Full TimeManager  5+ Yrs of Exp  IT/Software Development  Engineering - Telecom/Technology  PHP  javaScript  HTML5  Gulp  Grunt  Wordpress  drupal  laravel,https://wuzzuf.net/jobs/p/rox1G9CihJyF-Web-Development-Team-Lead-Trufla-Cairo-Egypt?o=9&l=sp&t=sj&a=web engineer|search-v3|hpb
,,,,
Full Stack Web Developer - For Multinational,Popul8IT -,"Cairo, Egypt ",Part TimeFreelance / ProjectWork From HomeExperienced  3 - 7 Yrs of Exp  IT/Software Development  Engineering - Telecom/Technology  Information Technology (IT)  javaScript  English  Design  Programming  Web  Testing  UX,https://wuzzuf.net/jobs/p/uUqLVpMM3y6O-Full-Stack-Web-Developer---For-Multinational-Popul8IT-Cairo-Egypt?o=10&l=sp&t=sj&a=web engineer|search-v3|hpb
,,,,
Software Testing Engineer,DIRAC SYSTEMS -,"Heliopolis, Cairo, Egypt ",Full TimeExperienced  6+ Yrs of Exp  IT/Software Development  Quality  Engineering - Telecom/Technology  Automation  Software Testing  Testing  quality  QA  Computer Engineering  Computer Science,https://wuzzuf.net/jobs/p/21T1wFhIogn5-Software-Testing-Engineer-DIRAC-SYSTEMS-Cairo-Egypt?o=11&l=sp&t=sj&a=web engineer|search-v3|hpb
,,,,
Senior System Implementation Engineer,Fawry Banking & Payment Technology Services -,"Smart Village, Giza, Egypt ",Full TimeExperienced  3 - 5 Yrs of Exp  Installation/Maintenance/Repair  IT/Software Development  Engineering - Telecom/Technology  Financial Applications  Implementation Engineer  Product Engineer  XML  DBMS  SOAP-UI  Mobile applications,https://wuzzuf.net/jobs/p/OOTMi4amJfqe-Senior-System-Implementation-Engineer-Fawry-Banking-Payment-Technology-Services-Giza-Egypt?o=12&l=sp&t=sj&a=web engineer|search-v3|hpb
,,,,
Senior Software Engineer / Team lead,Dalia -,"Cairo, Egypt ",Full TimeWork From HomeManager  3+ Yrs of Exp  IT/Software Development  Engineering - Telecom/Technology  Software Development  Software Engineering  javaScript  MVC  Full Stack  Computer Science  Information Technology (IT)  Software,https://wuzzuf.net/jobs/p/F0ubv1GVNtQF-Senior-Software-Engineer-Team-lead-Dalia-Cairo-Egypt?o=13&l=sp&t=sj&a=web engineer|search-v3|hpb
,,,,
Senior Frontend Engineer,TurnDigital -,"Maadi, Cairo, Egypt ",Full TimeExperienced  2 - 5 Yrs of Exp  IT/Software Development  Engineering - Telecom/Technology  Web Development  Information Technology (IT)  jQuery  XML  JSON  Computer Science  SharePoint  Git Source Control,https://wuzzuf.net/jobs/p/zCYtryP8KzGU-Senior-Frontend-Engineer-TurnDigital-Cairo-Egypt?o=14&l=sp&t=sj&a=web engineer|search-v3|hpb
,,,,
PHP Software Engineering Manager,Confidential -,"Nasr City, Cairo, Egypt ",Full TimeManager  4+ Yrs of Exp  IT/Software Development  Engineering - Telecom/Technology  Android  Mobile Development  Software Development  Android SDK  Android Studio  Computer Science  Information Technology (IT)  Engineering,https://wuzzuf.net/jobs/p/sRdxeLSBGPVW-PHP-Software-Engineering-Manager-Cairo-Egypt?o=15&l=sp&t=sj&a=web engineer|search-v3|hpb
,,,,
job title,company name,location,skills,links
,,,,
PHP Software Engineering Lead,Confidential -,"Nasr City, Cairo, Egypt ",Full TimeManager  4+ Yrs of Exp  IT/Software Development  Engineering - Telecom/Technology  Android  Mobile Development  Software Development  Android SDK  Android Studio  Computer Science  Information Technology (IT)  Engineering,https://wuzzuf.net/jobs/p/PHnd0uZm9FIC-PHP-Software-Engineering-Lead-Cairo-Egypt?o=16&l=sp&t=sj&a=web engineer|search-v3|hpb
,,,,
Java Full Stack Software Engineer,Confidential -,"Cairo, Egypt ",Full TimeExperienced  4 - 6 Yrs of Exp  IT/Software Development  Engineering - Telecom/Technology  Computer Science  developer  Information Technology (IT)  Java  Java Developer  Software Development  Spring MVC  Hibernate,https://wuzzuf.net/jobs/p/OPRqIHYg0X5H-Java-Full-Stack-Software-Engineer-Cairo-Egypt?o=17&l=sp&t=sj&a=web engineer|search-v3|hpb
,,,,
Senior Application Support Engineer,Fawry Banking & Payment Technology Services -,"Smart Village, Giza, Egypt ",Full TimeExperienced  3 - 5 Yrs of Exp  Installation/Maintenance/Repair  IT/Software Development  Engineering - Telecom/Technology  Engineering  Computer Science  SQL  Oracle  Application Servers  IBM  Websphere,https://wuzzuf.net/jobs/p/HC5Sz0ICfE2D-Senior-Application-Support-Engineer-Fawry-Banking-Payment-Technology-Services-Giza-Egypt?o=18&l=sp&t=sj&a=web engineer|search-v3|hpb
,,,,
Senior Front End Engineer,LxT -,"Mohandessin, Giza, Egypt ",Full TimeExperienced  3 - 5 Yrs of Exp  IT/Software Development  Engineering - Telecom/Technology  Angular  JavaScript  React  Software Development  Web Development,https://wuzzuf.net/jobs/p/5fkaYSms3U4o-Senior-Front-End-Engineer-LxT-Giza-Egypt?o=19&l=sp&t=sj&a=web engineer|search-v3|hpb
,,,,
Senior Full Stack Engineer - Alexandria,Caduceus Lane -,"San Stefano, Alexandria, Egypt ",Full TimeExperienced  4 - 6 Yrs of Exp  IT/Software Development  Engineering - Telecom/Technology  Angular  PHP  Computer Science  Web Development  Full Stack  Information Technology (IT)  jQuery  Software Development,https://wuzzuf.net/jobs/p/7jVz8yBcNHq8-Senior-Full-Stack-Engineer---Alexandria-Caduceus-Lane-Alexandria-Egypt?o=20&l=sp&t=sj&a=web engineer|search-v3|hpb
,,,,
"Senior Automation Testing Engineer [Selenium, NUnit/JUnit, C#,Java]",FlairsTech -,"Maadi, Cairo, Egypt ",Full TimeExperienced  3 - 6 Yrs of Exp  IT/Software Development  Quality  Engineering - Telecom/Technology  Agile  Computer Science  Git  Information Technology (IT)  Java  QA  Scrum,https://wuzzuf.net/jobs/p/ephorT7dbSqF-Senior-Automation-Testing-Engineer-Selenium-NUnitJUnit-CJava-FlairsTech-Cairo-Egypt?o=21&l=sp&t=sj&a=web engineer|search-v3|hpb
,,,,
Web Developer,X War -,"Gharbia, Egypt ",Full TimeExperienced  4+ Yrs of Exp  IT/Software Development  Engineering - Telecom/Technology  Computer Science  HTML  Information Technology (IT)  JavaScript  PHP  Programming  Software Development  Web Development,https://wuzzuf.net/jobs/p/mBobhBGmzDsT-Web-Developer-X-War-Gharbia-Egypt?o=22&l=sp&t=sj&a=web engineer|search-v3|hpb
,,,,
Junior Backend Engineer,LxT -,"Mohandessin, Giza, Egypt ",Full TimeEntry Level  0 - 2 Yrs of Exp  IT/Software Development  Engineering - Telecom/Technology  Python  Django  Flask  Programming  Azure  GCP  Amazon Web Services  Agile,https://wuzzuf.net/jobs/p/G7dIVlXGgyzB-Junior-Backend-Engineer-LxT-Giza-Egypt?o=23&l=sp&t=sj&a=web engineer|search-v3|hpb
,,,,
Senior Frontend Engineer,WorkMotion -,"Maadi, Cairo, Egypt ",Full TimeExperienced  4+ Yrs of Exp  IT/Software Development  Engineering - Telecom/Technology  JavaScript  Agile  Computer Science  CSS  Engineering  HTML  Information Technology (IT)  React,https://wuzzuf.net/jobs/p/bWjx60hMMYMC-Senior-Frontend-Engineer-WorkMotion-Cairo-Egypt?o=24&l=sp&t=sj&a=web engineer|search-v3|hpb
,,,,
Full Stack Web Developer,Confidential -,"6th of October, Giza, Egypt ",Full TimeExperienced  2 - 4 Yrs of Exp  IT/Software Development  Engineering - Telecom/Technology  Computer Science  Dynamics  Information Technology (IT)  Engineering  JavaScript  HTML  Microsoft  Software Development,https://wuzzuf.net/jobs/p/758zcBjL3WDc-Full-Stack-Web-Developer-Giza-Egypt?o=25&l=sp&t=sj&a=web engineer|search-v3|hpb
,,,,
Lead Software Engineer,Nacita -,"Cairo, Egypt ",Full TimeManager  6+ Yrs of Exp  IT/Software Development  Engineering - Telecom/Technology  Software Engineer  Software Lead  Senior Software Engineer  Senior Software  Senior Full Stack  Software Manager  Software  Computer Science,https://wuzzuf.net/jobs/p/XLYsZRDTz7xd-Lead-Software-Engineer-Nacita-Cairo-Egypt?o=26&l=sp&t=sj&a=web engineer|search-v3|hpb
,,,,
Senior Full Stack Web Developer,Icity -,"Maadi, Cairo, Egypt ",Full TimeExperienced  4 - 8 Yrs of Exp  IT/Software Development  Engineering - Telecom/Technology  Front-End Development  Computer Science  HTML  CSS  Development  front-end  JavaScript  Software Development,https://wuzzuf.net/jobs/p/cL3J28cjtbuG-Senior-Full-Stack-Web-Developer-Icity-Cairo-Egypt?o=27&l=sp&t=sj&a=web engineer|search-v3|hpb
,,,,
Front-End Web Developer (ReactJS),Confidential -,"New Cairo, Cairo, Egypt ",Full TimeExperienced  5+ Yrs of Exp  IT/Software Development  Engineering - Telecom/Technology  Agile  Scrum  Git  JavaScript  React  Spring,https://wuzzuf.net/jobs/p/db3ycWaVbWx5-Front-End-Web-Developer-ReactJS-Cairo-Egypt?o=28&l=sp&t=sj&a=web engineer|search-v3|hpb
,,,,
QA Engineer,34ML -,"Heliopolis, Cairo, Egypt ",Full TimeEntry Level  0 - 3 Yrs of Exp  IT/Software Development  Quality  Engineering - Telecom/Technology  Software Development  Information Technology (IT)  Mobile Development  UI  AngularJS  Web Development  PHP,https://wuzzuf.net/jobs/p/km0wj6JuppxD-QA-Engineer-34ML-Cairo-Egypt?o=29&l=sp&t=sj&a=web engineer|search-v3|hpb
,,,,
Software Engineer (Django),Xpovi -,"New Cairo, Cairo, Egypt ",Full TimeExperienced  2 - 4 Yrs of Exp  IT/Software Development  Engineering - Telecom/Technology  Back-End Developer  developer  Django  JavaScript  Software Development  Information Technology (IT)  back-end  React.js,https://wuzzuf.net/jobs/p/01ixOaozkakJ-Software-Engineer-Django-Xpovi-Cairo-Egypt?o=30&l=sp&t=sj&a=web engineer|search-v3|hpb
,,,,
job title,company name,location,skills,links
,,,,
Front-End Web Developer - USA (Remotely),Mobile Wave 3 -,"Nasr City, Cairo, Egypt ",Full TimeExperienced  4 - 8 Yrs of Exp  IT/Software Development  Engineering - Telecom/Technology  React  Angular  HTML5  websockets  REST  Git  CI/CD  API,https://wuzzuf.net/jobs/p/3y9nhFQM9Wvo-Front-End-Web-Developer---USA-Remotely-Mobile-Wave-3-Cairo-Egypt?o=31&l=sp&t=sj&a=web engineer|search-v3|hpb
,,,,
Senior Full Stack Web Developer,Dimensions Information Technology -,"Cairo, Egypt ",Full TimeExperienced  3+ Yrs of Exp  IT/Software Development  Engineering - Telecom/Technology  C#  ASP.NET  SQL  .NET  MVC  Angular  Computer Science  Information Technology (IT),https://wuzzuf.net/jobs/p/yXUW5ntqttfj-Senior-Full-Stack-Web-Developer-Dimensions-Information-Technology-Cairo-Egypt?o=32&l=sp&t=sj&a=web engineer|search-v3|hpb
,,,,
UI / UX Web Designer,Arabian Innovation  -,"Riyadh, Saudi Arabia ",Full TimePart TimeFreelance / ProjectExperienced  3+ Yrs of Exp  Creative/Design/Art  IT/Software Development  Engineering - Telecom/Technology  Web Design  Graphic Web Design  Graphic Design  Adobe Photoshop  Adobe Dreamweaver  HTML5  CSS3,https://wuzzuf.net/jobs/p/xNSZE5qI5l1P-UI-UX-Web-Designer-Arabian-Innovation-Riyadh-Saudi-Arabia?o=33&l=sp&t=sj&a=web engineer|search-v3|hpb
,,,,
Web Developer - Cairo,Akhnaton for Trading & Distributing  -,"Downtown, Cairo, Egypt ",Full TimeExperienced  3+ Yrs of Exp  IT/Software Development  Engineering - Telecom/Technology  PHP  Software Development  Web  Information Technology (IT)  Web Development  Computer Engineering  Computer Science  Engineering,https://wuzzuf.net/jobs/p/TBgHoCpqbF1s-Web-Developer---Cairo-Akhnaton-for-Trading-Distributing-Cairo-Egypt?o=34&l=sp&t=sj&a=web engineer|search-v3|hpb
,,,,
Automation Test Engineer,Confidential -,"Cairo, Egypt ",Full TimeWork From HomeEntry Level  1 - 3 Yrs of Exp  IT/Software Development  Quality  Engineering - Telecom/Technology  Ansible  AWS  Cloud  Computer Science  DevOps  Docker  Github,https://wuzzuf.net/jobs/p/FrhKHTu91bfB-Automation-Test-Engineer-Cairo-Egypt?o=35&l=sp&t=sj&a=web engineer|search-v3|hpb
,,,,
AWS Devops Engineer,Confidential -,"Cairo, Egypt ",Full TimeWork From HomeEntry Level  1 - 3 Yrs of Exp  IT/Software Development  Engineering - Telecom/Technology  Ansible  AWS  Cloud  Computer Science  DevOps  Docker  Github  Information Technology (IT),https://wuzzuf.net/jobs/p/53UllZWE0yAY-AWS-Devops-Engineer-Cairo-Egypt?o=36&l=sp&t=sj&a=web engineer|search-v3|hpb
,,,,
PHP Web Developer,(MSA) October University -,"6th of October, Giza, Egypt ",Full TimeExperienced  4 - 6 Yrs of Exp  IT/Software Development  Engineering - Telecom/Technology  Computer Engineering  Computer Science  HTML5  JavaScript  CSS3  Web Development  PHP  Laravel,https://wuzzuf.net/jobs/p/GfBnlzzPaH61-PHP-Web-Developer-MSA-October-University-Giza-Egypt?o=37&l=sp&t=sj&a=web engineer|search-v3|hpb
,,,,
Talented Web Designer,Egypt Yellow Pages -,"Maadi, Cairo, Egypt ",Full TimeEntry Level  1 - 2 Yrs of Exp  Creative/Design/Art  IT/Software Development  Engineering - Telecom/Technology  Web Development  Web Design  Graphic Design  Adobe Illustrator  Adobe Photoshop  javaScript  illustrator,https://wuzzuf.net/jobs/p/lR0CARJE6qt3-Talented-Web-Designer-Egypt-Yellow-Pages-Cairo-Egypt?o=38&l=sp&t=sj&a=web engineer|search-v3|hpb
,,,,
Senior Software Engineer - Python,Paymob Solutions -,"Maadi, Cairo, Egypt ",Full TimeExperienced  2+ Yrs of Exp  IT/Software Development  Engineering - Telecom/Technology  Python  Computer Science  Software Engineering  Framework  Software Development  AWS  Information Technology (IT)  javaScript,https://wuzzuf.net/jobs/p/RsF7SJENqbb2-Senior-Software-Engineer---Python-Paymob-Solutions-Cairo-Egypt?o=39&l=sp&t=sj&a=web engineer|search-v3|hpb
,,,,
Web Developer,Flojics -,"Alexandria, Egypt ",Full TimeEntry Level  0 - 2 Yrs of Exp  IT/Software Development  Engineering - Telecom/Technology  Computer Science  HTML5  Information Technology (IT)  JavaScript  Web Development  Angular  CSS3  jQuery,https://wuzzuf.net/jobs/p/8f1Wb2ZpZhZ6-Web-Developer-Flojics-Alexandria-Egypt?o=40&l=sp&t=sj&a=web engineer|search-v3|hpb
,,,,
Senior Front End Web (ReactJS) Developer,Digipalms -,"Cairo, Egypt ",Full TimeExperienced  5 - 7 Yrs of Exp  IT/Software Development  Engineering - Telecom/Technology  Agile  Computer Science  Design  English  JavaScript  ReactJS  Scrum  Software Development,https://wuzzuf.net/jobs/p/L9RJSB8FsYDs-Senior-Front-End-Web-ReactJS-Developer-Digipalms-Cairo-Egypt?o=41&l=sp&t=sj&a=web engineer|search-v3|hpb
,,,,
Senior Software Engineer,Seedstars -,"Cairo, Egypt ",Full TimeManager  5+ Yrs of Exp  IT/Software Development  Engineering - Telecom/Technology  Web Development  Django Framework  python development  CSS  Design  Git  HTML  SQL,https://wuzzuf.net/jobs/p/aFCsjhmtFv6L-Senior-Software-Engineer-Seedstars-Cairo-Egypt?o=42&l=sp&t=sj&a=web engineer|search-v3|hpb
,,,,
Full Stack PHP/Angular/React Web Developer - (REMOTE),H&H Child Care Training Center   -,"Tampa, United States ",Full TimePart TimeWork From HomeExperienced  5 - 20 Yrs of Exp  IT/Software Development  Engineering - Telecom/Technology  Angular  JavaScript  PHP  Bootstrap  React  HTML,https://wuzzuf.net/jobs/p/ddErd58jOeFF-Full-Stack-PHPAngularReact-Web-Developer---REMOTE-HH-Child-Care-Training-Center-Tampa-United-States?o=43&l=sp&t=sj&a=web engineer|search-v3|hpb
,,,,
Web Application Developer,Bedab Software -,"Nasr City, Cairo, Egypt ",Full TimePart TimeFreelance / ProjectExperienced  2 - 6 Yrs of Exp  IT/Software Development  Engineering - Telecom/Technology  Software Development  Software Engineering  Program Development  ASP.Net Web API  Web Development  Information Technology (IT)  Computer Science  ASP.Net,https://wuzzuf.net/jobs/p/OOBiM4L1QSQY-Web-Application-Developer-Bedab-Software-Cairo-Egypt?o=44&l=sp&t=sj&a=web engineer|search-v3|hpb
,,,,
Senior Software Quality Control Engineer,Taqneen -,"New Cairo, Cairo, Egypt ",Full TimeExperienced  3 - 6 Yrs of Exp  IT/Software Development  Quality  Engineering - Telecom/Technology  Software Testing  Quality Assurance  Information Technology (IT)  QC  QA  QA Automation  Computer Science,https://wuzzuf.net/jobs/p/I5a75AC8WyCR-Senior-Software-Quality-Control-Engineer-Taqneen-Cairo-Egypt?o=45&l=sp&t=sj&a=web engineer|search-v3|hpb
,,,,
job title,company name,location,skills,links
,,,,
Backend Developer Node.JS,Kortobaa LLC -,"Alexandria, Egypt ",Full TimeExperienced  3+ Yrs of Exp  IT/Software Development  Engineering - Telecom/Technology  Computer Science  Information Technology (IT)  Node.js  PHP  Software Development  Engineering  AWS  JavaScript,https://wuzzuf.net/jobs/p/zsknpoNSCqg8-Backend-Developer-NodeJS-Kortobaa-LLC-Alexandria-Egypt?o=46&l=sp&t=sj&a=web engineer|search-v3|hpb
,,,,
Network Security Engineer,Zewail City -,"6th of October, Giza, Egypt ",Full TimeExperienced  2 - 4 Yrs of Exp  Installation/Maintenance/Repair  IT/Software Development  Engineering - Telecom/Technology  Engineering  Information Technology (IT)  Network Security  Networking  Security Engineer  Security  Network,https://wuzzuf.net/jobs/p/fJL5kMMPgOjp-Network-Security-Engineer-Zewail-City-Giza-Egypt?o=47&l=sp&t=sj&a=web engineer|search-v3|hpb
,,,,
.Net Back-End Developer,Confidential -,"Nasr City, Cairo, Egypt ",Full TimeExperienced  3 - 7 Yrs of Exp  IT/Software Development  Engineering - Telecom/Technology  Back-End Developer  back-end  Computer Science  developer  Software Development  Software Engineering  Angular  Applications,https://wuzzuf.net/jobs/p/82HgrG6izutk-Net-Back-End-Developer-Cairo-Egypt?o=48&l=sp&t=sj&a=web engineer|search-v3|hpb
,,,,
Senior Back End Engineer,Softec Technologies -,"Maadi, Cairo, Egypt ",Full TimeExperienced  5+ Yrs of Exp  IT/Software Development  Engineering - Telecom/Technology  Information Technology (IT)  Computer Science  Software Development  Software Engineering  OOP  Web Development  SQL  HTML,https://wuzzuf.net/jobs/p/iJUZxiZiP2Dy-Senior-Back-End-Engineer-Softec-Technologies-Cairo-Egypt?o=49&l=sp&t=sj&a=web engineer|search-v3|hpb
,,,,
Web Developer,MWG -,"Nasr City, Cairo, Egypt ",Full TimeExperienced  2+ Yrs of Exp  Creative/Design/Art  IT/Software Development  Engineering - Telecom/Technology  Computer Science  CSS  HTML  Information Technology (IT)  Java  JavaScript  NodeJS,https://wuzzuf.net/jobs/p/iHjJZt6vdxlk-Web-Developer-MWG-Cairo-Egypt?o=50&l=sp&t=sj&a=web engineer|search-v3|hpb
,,,,
Senior Front End Developer,IMS -,"Rehab City, Cairo, Egypt ",Full TimePart TimeExperienced  4 - 5 Yrs of Exp  IT/Software Development  Engineering - Telecom/Technology  CSS3  CSS  HTML  Information Technology (IT)  JavaScript  Computer Science  Front end  front-end,https://wuzzuf.net/jobs/p/mpaxLFogQdBG-Senior-Front-End-Developer-IMS-Cairo-Egypt?o=51&l=sp&t=sj&a=web engineer|search-v3|hpb
,,,,
Senior Backend Developer,Kashier Payment Solutions -,"Zamalek, Cairo, Egypt ",Full TimeExperienced  3 - 5 Yrs of Exp  IT/Software Development  Engineering - Telecom/Technology  Angular  Computer Engineering  Computer Science  Engineering  Information Technology (IT)  Software Development  Web Development,https://wuzzuf.net/jobs/p/s0F1qtoOAWkU-Senior-Backend-Developer-Kashier-Payment-Solutions-Cairo-Egypt?o=52&l=sp&t=sj&a=web engineer|search-v3|hpb
,,,,
Full Stack Developer,American Academy -,"6th of October, Giza, Egypt ",Full TimeEntry Level  1 - 2 Yrs of Exp  Creative/Design/Art  IT/Software Development  Engineering - Telecom/Technology  HTML5  JavaScript  Software Development  Web Development  Full Stack Development  .Net  Angular,https://wuzzuf.net/jobs/p/7DV8dE5VRLAY-Full-Stack-Developer-American-Academy-Giza-Egypt?o=53&l=sp&t=sj&a=web engineer|search-v3|hpb
,,,,
Angular Developer,EXALT Technologies -,"Cairo, Egypt ",Full TimeWork From HomeEntry Level  1 - 5 Yrs of Exp  IT/Software Development  Engineering - Telecom/Technology  Software  Software Development  Software Engineering  Computer Science  SW Development  Information Technology (IT)  Code  Web Applications,https://wuzzuf.net/jobs/p/DMpqzsnJ3Tr2-Angular-Developer-EXALT-Technologies-Cairo-Egypt?o=54&l=sp&t=sj&a=web engineer|search-v3|hpb
,,,,
Senior Backend Developer,WEmng -,"Zamalek, Cairo, Egypt ",Full TimeExperienced  3 - 4 Yrs of Exp  IT/Software Development  Engineering - Telecom/Technology  Information Technology (IT)  Software Engineering  Computer Science  Software Development  Web  computer  core  EF,https://wuzzuf.net/jobs/p/I3bDLriL7gIH-Senior-Backend-Developer-WEmng-Cairo-Egypt?o=55&l=sp&t=sj&a=web engineer|search-v3|hpb
,,,,
Web Methods Developer,Meem Development -,"Smouha, Alexandria, Egypt ",Full TimeExperienced  3 - 7 Yrs of Exp  IT/Software Development  Engineering - Telecom/Technology  Computer Science  Development  Information Systems  Information Technology (IT)  Web Development  RESTful APIs  SOAP  Web,https://wuzzuf.net/jobs/p/9OjDjijVv6o1-Web-Methods-Developer-Meem-Development-Alexandria-Egypt?o=56&l=sp&t=sj&a=web engineer|search-v3|hpb
,,,,
"Software Development Team Lead/ Full Stack Development - (Laravel, Vue, Golang)",Our Education -,"Nasr City, Cairo, Egypt ",Full TimeManager  5+ Yrs of Exp  IT/Software Development  Engineering - Telecom/Technology  Information Technology (IT)  Software Development  Software Engineering  Engineering  Computer Science  Web Development  PHP  OOP,https://wuzzuf.net/jobs/p/z3o4zOWBaI2e-Software-Development-Team-Lead-Full-Stack-Development---Laravel-Vue-Golang-Our-Education-Cairo-Egypt?o=57&l=sp&t=sj&a=web engineer|search-v3|hpb
,,,,
Senior PHP Developer,GedyGroup -,"6th of October, Giza, Egypt ",Work From HomeExperienced  4+ Yrs of Exp  IT/Software Development  Engineering - Telecom/Technology  PHP  Laravel  Information Technology (IT)  Computer Science  Agile  Software Engineering  Web Development  MySQL,https://wuzzuf.net/jobs/p/tcaS2LfPj3D6-Senior-PHP-Developer-GedyGroup-Giza-Egypt?o=58&l=sp&t=sj&a=web engineer|search-v3|hpb
,,,,
Backend Developer,EXALT Technologies -,"Cairo, Egypt ",Full TimeWork From HomeEntry Level  1 - 10 Yrs of Exp  IT/Software Development  Engineering - Telecom/Technology  Software  Software Development  Software Engineering  Computer Science  SW Development  Automation  Information Technology (IT)  Java,https://wuzzuf.net/jobs/p/fVqKhnMGDK2R-Backend-Developer-EXALT-Technologies-Cairo-Egypt?o=59&l=sp&t=sj&a=web engineer|search-v3|hpb
,,,,
Web Development Manager,WEmng -,"New Cairo, Cairo, Egypt ",Full TimeManager  5+ Yrs of Exp  IT/Software Development  Project/Program Management  Engineering - Telecom/Technology  Agile  Computer Science  Information Technology (IT)  JavaScript  HTML  MVC  Software Development,https://wuzzuf.net/jobs/p/BSZF7MYfhqhL-Web-Development-Manager-WEmng-Cairo-Egypt?o=60&l=sp&t=sj&a=web engineer|search-v3|hpb
,,,,
job title,company name,location,skills,links
,,,,
Senior Java Developer,DMS -,"Heliopolis, Cairo, Egypt ",Full TimeExperienced  4 - 6 Yrs of Exp  IT/Software Development  Engineering - Telecom/Technology  Computer Science  Hibernate  Information Technology (IT)  J2EE  Java  Oracle  ORM  Software Development,https://wuzzuf.net/jobs/p/Mae0NNvzkZuf-Senior-Java-Developer-DMS-Cairo-Egypt?o=91&l=sp&t=sj&a=web engineer|search-v3|hpb
,,,,
Front-End / React & React-Native Developer - Alexandria,Arabic Localizer -,"San Stefano, Alexandria, Egypt ",Full TimeEntry Level  1+ Yrs of Exp  IT/Software Development  Engineering - Telecom/Technology  JavaScript  Web Development  Mobile Application  ES6  ES7  Front-End Technologies  Vue  Angular,https://wuzzuf.net/jobs/p/6nYtjgkGYCz2-Front-End-React-React-Native-Developer---Alexandria-Arabic-Localizer-Alexandria-Egypt?o=92&l=sp&t=sj&a=web engineer|search-v3|hpb
,,,,
Senior Backend Engineer,LxT -,"Mohandessin, Giza, Egypt ",Full TimeExperienced  3 - 5 Yrs of Exp  IT/Software Development  Engineering - Telecom/Technology  Docker  Python  Programming  Software Development  Testing  Agile  AWS Cloud  Flask,https://wuzzuf.net/jobs/p/mHG1xO6JFYW7-Senior-Backend-Engineer-LxT-Giza-Egypt?o=93&l=sp&t=sj&a=web engineer|search-v3|hpb
,,,,
Front-End Developer - ReactJS,axispay -,"Cairo, Egypt ",Full TimeEntry Level  1 - 3 Yrs of Exp  IT/Software Development  Engineering - Telecom/Technology  Information Technology (IT)  Computer Science  Angular  Front-End Development  English  HTML  CSS  ReactJS,https://wuzzuf.net/jobs/p/3AYhiEhkthj0-Front-End-Developer---ReactJS-axispay-Cairo-Egypt?o=94&l=sp&t=sj&a=web engineer|search-v3|hpb
,,,,
Coding Coach,iSchool -,"Nasr City, Cairo, Egypt ",Part TimeEntry Level  1 - 3 Yrs of Exp  IT/Software Development  Training/Instructor  Computer Science  Software Engineering  Coding  Ed-tech  Steam  Stem  STEAM  STEM,https://wuzzuf.net/jobs/p/8lqSBkNL3h9r-Coding-Coach-iSchool-Cairo-Egypt?o=95&l=sp&t=sj&a=web engineer|search-v3|hpb
,,,,
Devops Engineer,Limbic Entertainment (Cairo Office) -,"Heliopolis, Cairo, Egypt ",Full TimeExperienced  2+ Yrs of Exp  IT/Software Development  Engineering - Telecom/Technology  DevOps  Engineering  System Administration  Computer Science  Programming  Software Development,https://wuzzuf.net/jobs/p/SUVqO6lG8yiO-Devops-Engineer-Limbic-Entertainment-Cairo-Office-Cairo-Egypt?o=96&l=sp&t=sj&a=web engineer|search-v3|hpb
,,,,
Quality Control Engineer,DBS -,"New Cairo, Cairo, Egypt ",Full TimeExperienced  3 - 5 Yrs of Exp  IT/Software Development  Quality  Engineering - Telecom/Technology  quality  Quality Control  Engineering  Software  English  JIRA  Software Engineering,https://wuzzuf.net/jobs/p/MHp7taTm3Mn4-Quality-Control-Engineer-DBS-Cairo-Egypt?o=97&l=sp&t=sj&a=web engineer|search-v3|hpb
,,,,
Software Quality Control Engineer,PaySky -,"New Cairo, Cairo, Egypt ",Full TimeExperienced  3 - 4 Yrs of Exp  IT/Software Development  Quality  Engineering - Telecom/Technology  Agile  Computer Science  Engineering  English  Quality Assurance  Quality Control  Scrum,https://wuzzuf.net/jobs/p/S6PyKAv0zCT7-Software-Quality-Control-Engineer-PaySky-Cairo-Egypt?o=98&l=sp&t=sj&a=web engineer|search-v3|hpb
,,,,
Software QC Engineer (Test Automation),axispay -,"Cairo, Egypt ",Full TimeExperienced  2 - 3 Yrs of Exp  IT/Software Development  Quality  Engineering - Telecom/Technology  Agile  Engineering  English  Quality Assurance  Quality Control  Scrum  Software,https://wuzzuf.net/jobs/p/BeV9G8hvvwgl-Software-QC-Engineer-Test-Automation-axispay-Cairo-Egypt?o=99&l=sp&t=sj&a=web engineer|search-v3|hpb
,,,,
Umbraco Web Developer,3S Software -,"Nasr City, Cairo, Egypt ",Full TimeExperienced  2 - 4 Yrs of Exp  IT/Software Development  Engineering - Telecom/Technology  Angular  Agile  Computer Science  CSS  Engineering  HTML  Information Technology (IT)  Umbraco,https://wuzzuf.net/jobs/p/77XqC1m2vizs-Umbraco-Web-Developer-3S-Software-Cairo-Egypt?o=100&l=sp&t=sj&a=web engineer|search-v3|hpb
,,,,
Senior Test Engineer (Team Leader),Confidential -,"Nasr City, Cairo, Egypt ",Full TimeManager  5 - 8 Yrs of Exp  IT/Software Development  Engineering - Telecom/Technology  Automation  Computer Science  Information Technology (IT)  Java  Programming  REST  SQL  Testing,https://wuzzuf.net/jobs/p/kMWs6yc4DmBv-Senior-Test-Engineer-Team-Leader-Cairo-Egypt?o=101&l=sp&t=sj&a=web engineer|search-v3|hpb
,,,,
Senior SharePoint Developer,Boubyan Digital Factory Co. -,"Heliopolis, Cairo, Egypt ",Full TimeExperienced  4 - 6 Yrs of Exp  IT/Software Development  Engineering - Telecom/Technology  Information Technology (IT)  Sharepoint  Software Development  Nintex  Software Engineering  English  Computer Science  JavaScript,https://wuzzuf.net/jobs/p/4wudPsuEFbrs-Senior-SharePoint-Developer-Boubyan-Digital-Factory-Co-Cairo-Egypt?o=102&l=sp&t=sj&a=web engineer|search-v3|hpb
,,,,
Application Support Engineer - Cairo,Universal Payment Services -,"Nasr City, Cairo, Egypt ",Full TimeExperienced  2 - 4 Yrs of Exp  Installation/Maintenance/Repair  IT/Software Development  Engineering - Telecom/Technology  Customer Support  Computer Science  Information Technology (IT)  Engineering  Java  Oracle  Programming,https://wuzzuf.net/jobs/p/oyHJuOT9BMwm-Application-Support-Engineer---Cairo-Universal-Payment-Services-Cairo-Egypt?o=103&l=sp&t=sj&a=web engineer|search-v3|hpb
,,,,
Senior Backend (Python) Engineer - Customer Domain,Nana -,"Sheraton, Cairo, Egypt ",Full TimeWork From HomeExperienced  4 - 8 Yrs of Exp  IT/Software Development  Engineering - Telecom/Technology  Python  Agile  Information Technology (IT)  JavaScript  MySQL  Software Development  Startup  Computer Science,https://wuzzuf.net/jobs/p/MXDCoyyIgDMW-Senior-Backend-Python-Engineer---Customer-Domain-Nana-Cairo-Egypt?o=104&l=sp&t=sj&a=web engineer|search-v3|hpb
,,,,
Network Security Engineer,axispay -,"Downtown, Cairo, Egypt ",Full TimeExperienced  2+ Yrs of Exp  Installation/Maintenance/Repair  IT/Software Development  Engineering - Telecom/Technology  Engineering  DNS  Information Technology (IT)  DHCP  Computer Science  Computer Engineering  CCNP,https://wuzzuf.net/jobs/p/PKx4WBIHFnGl-Network-Security-Engineer-axispay-Cairo-Egypt?o=105&l=sp&t=sj&a=web engineer|search-v3|hpb
,,,,
job title,company name,location,skills,links
,,,,
Junior Web Developer (Back-End) - Alexandria,Arabic Localizer -,"San Stefano, Alexandria, Egypt ",Full TimeEntry Level  0 - 3 Yrs of Exp  IT/Software Development  Engineering - Telecom/Technology  Laravel  PHP  MySQL  MVC Pattern  HTML  Javascript  JQuery  Bootstrap,https://wuzzuf.net/jobs/p/GLz76J3OQSsB-Junior-Web-Developer-Back-End---Alexandria-Arabic-Localizer-Alexandria-Egypt?o=76&l=sp&t=sj&a=web engineer|search-v3|hpb
,,,,
Java Software Developer,4GTSS -,"Cairo, Egypt ",Full TimeEntry Level  1 - 2 Yrs of Exp  IT/Software Development  Engineering - Telecom/Technology  Spring  Hibernate  JPA  Java Jee  Engineering  Java  Information Technology (IT)  Unit Testing,https://wuzzuf.net/jobs/p/W83LmNH8RvYB-Java-Software-Developer-4GTSS-Cairo-Egypt?o=77&l=sp&t=sj&a=web engineer|search-v3|hpb
,,,,
Senior QA Automation Engineer,SSC Egypt -,"New Cairo, Cairo, Egypt ",Full TimeExperienced  4 - 7 Yrs of Exp  IT/Software Development  Quality  Engineering - Telecom/Technology  Automation Testing  Engineering  Cucumber  Appium  Automation  Computer Science  Information Technology (IT),https://wuzzuf.net/jobs/p/53eM3dt4rvWp-Senior-QA-Automation-Engineer-SSC-Egypt-Cairo-Egypt?o=78&l=sp&t=sj&a=web engineer|search-v3|hpb
,,,,
Junior Backend Developer,SSC Egypt -,"Cairo, Egypt ",Full TimeWork From HomeExperienced  2 - 4 Yrs of Exp  IT/Software Development  Engineering - Telecom/Technology  back-end  backend  Computer Science  CSS  HTML  Information Technology (IT)  Java  JavaScript,https://wuzzuf.net/jobs/p/mpSd0slNGv3M-Junior-Backend-Developer-SSC-Egypt-Cairo-Egypt?o=79&l=sp&t=sj&a=web engineer|search-v3|hpb
,,,,
Senior Backend Developer,SSC Egypt -,"Cairo, Egypt ",Full TimeWork From HomeExperienced  4 - 7 Yrs of Exp  IT/Software Development  Engineering - Telecom/Technology  back-end  backend  Computer Science  CSS  HTML  Information Technology (IT)  Java  JavaScript,https://wuzzuf.net/jobs/p/4HSZz47mNqFU-Senior-Backend-Developer-SSC-Egypt-Cairo-Egypt?o=80&l=sp&t=sj&a=web engineer|search-v3|hpb
,,,,
Junior Frontend Engineer,LxT -,"Cairo, Egypt ",Full TimeEntry Level  0 - 2 Yrs of Exp  IT/Software Development  Engineering - Telecom/Technology  Angular  Agile  JavaScript  Programming  React  Software Development  Software Engineering,https://wuzzuf.net/jobs/p/Ph0hih39ZvsK-Junior-Frontend-Engineer-LxT-Cairo-Egypt?o=81&l=sp&t=sj&a=web engineer|search-v3|hpb
,,,,
.NET Developer,Injaz Digital  -,"Heliopolis, Cairo, Egypt ",Full TimeEntry Level  1 - 5 Yrs of Exp  IT/Software Development  Engineering - Telecom/Technology  AJAX  Code Versioning  Computer Science  Development  HTML5  front-end  Information Technology (IT)  JavaScript,https://wuzzuf.net/jobs/p/J5TJJ4NdEFYK-NET-Developer-Injaz-Digital-Cairo-Egypt?o=82&l=sp&t=sj&a=web engineer|search-v3|hpb
,,,,
.Net Developer,Smartpan -,"Nasr City, Cairo, Egypt ",Full TimeExperienced  2+ Yrs of Exp  IT/Software Development  Engineering - Telecom/Technology  Computer Science  C#  .NET  Web Development  VS 2013  VS 2015  MVC  EF,https://wuzzuf.net/jobs/p/FByaDrd3NAS4-Net-Developer-Smartpan-Cairo-Egypt?o=83&l=sp&t=sj&a=web engineer|search-v3|hpb
,,,,
Java Technical Lead,KnowledgeNet -,"Nasr City, Cairo, Egypt ",Full TimeManager  6+ Yrs of Exp  IT/Software Development  Operations/Management  Engineering - Telecom/Technology  Computer Science  Computer Engineering  Testing  Design  Spring Stack  Core  MVC,https://wuzzuf.net/jobs/p/sA7odtNxj6a7-Java-Technical-Lead-KnowledgeNet-Cairo-Egypt?o=84&l=sp&t=sj&a=web engineer|search-v3|hpb
,,,,
Senior C++ Developer,FlairsTech -,"Maadi, Cairo, Egypt ",Full TimeExperienced  5+ Yrs of Exp  IT/Software Development  Engineering - Telecom/Technology  .Net  Agile  C#  ASP.Net  Software Engineering  CSS  HTML  Computer Science,https://wuzzuf.net/jobs/p/JKqozUmnt9r5-Senior-C-Developer-FlairsTech-Cairo-Egypt?o=85&l=sp&t=sj&a=web engineer|search-v3|hpb
,,,,
RPA Developer,Advansys ESC -,"Nasr City, Cairo, Egypt ",Full TimeEntry Level  1 - 3 Yrs of Exp  IT/Software Development  Engineering - Telecom/Technology  UiPath  BluePrism  RPA  Web Services  .NET  VB  CSS  Java,https://wuzzuf.net/jobs/p/lrorUjZsXaPE-RPA-Developer-Advansys-ESC-Cairo-Egypt?o=86&l=sp&t=sj&a=web engineer|search-v3|hpb
,,,,
Senior .Net Developer,National Technology -,"Nasr City, Cairo, Egypt ",Full TimeExperienced  5 - 8 Yrs of Exp  IT/Software Development  Engineering - Telecom/Technology  ASP.Net  .Net  Computer Engineering  Development  Engineering  Information Technology (IT)  Computer Science  Software Development,https://wuzzuf.net/jobs/p/NUWWpCLMMbfx-Senior-Net-Developer-National-Technology-Cairo-Egypt?o=87&l=sp&t=sj&a=web engineer|search-v3|hpb
,,,,
Backend Senior Software Engineer,Gemssy Technologies S.L. -,"Bilbao, Spain ",Full TimeFreelance / ProjectWork From HomeExperienced  5 - 20 Yrs of Exp  IT/Software Development  Engineering - Telecom/Technology  Back-End Development  Ruby on Rails  Node.js  Agile  Information Technology (IT)  Software  English  Integration,https://wuzzuf.net/jobs/p/A3fiLgnLRf1G-Backend-Senior-Software-Engineer-Gemssy-Technologies-S-L-Bilbao-Spain?o=88&l=sp&t=sj&a=web engineer|search-v3|hpb
,,,,
Website Developer,institute management Professionals (IMP) -,"Giza, Egypt ",Full TimeEntry Level  1+ Yrs of Exp  IT/Software Development  Engineering - Telecom/Technology  Computer Science  Information Technology (IT)  PHP  CSS  Design  Development  HTML  JavaScript,https://wuzzuf.net/jobs/p/8RpW1HxpsXRQ-Website-Developer-institute-management-Professionals-IMP-Giza-Egypt?o=89&l=sp&t=sj&a=web engineer|search-v3|hpb
,,,,
Unity Instructor,iSchool -,"Nasr City, Cairo, Egypt ",Full TimePart TimeEntry Level  1 - 3 Yrs of Exp  IT/Software Development  Education/Teaching  Training/Instructor  Computer Science  Software Engineering  Coding  Ed-tech  Steam  Stem  STEAM,https://wuzzuf.net/jobs/p/TM2YYOkZs7O8-Unity-Instructor-iSchool-Cairo-Egypt?o=90&l=sp&t=sj&a=web engineer|search-v3|hpb
,,,,
job title,company name,location,skills,links
,,,,
Software Engineer,ORDOchao -,"Sheikh Zayed, Giza, Egypt ",Full TimeEntry Level  0 - 5 Yrs of Exp  IT/Software Development  Database  Information Technology (IT)  Software Development  Software Engineering  SQL  Integration  Business Analysis  Consultancy  solution consultant,https://wuzzuf.net/jobs/p/k2VK4O24JZeN-Software-Engineer-ORDOchao-Giza-Egypt?o=106&l=sp&t=sj&a=web engineer|search-v3|hpb
,,,,
Quality Control Software Engineer,STC Solutions - Egypt -,"Cairo, Egypt ",Full TimeExperienced  3 - 6 Yrs of Exp  IT/Software Development  Quality  Engineering - Telecom/Technology  Automation  Software Development  Software Testing  Software Engineering  Testing  Selenium  Software,https://wuzzuf.net/jobs/p/YoEaUxEffphQ-Quality-Control-Software-Engineer-STC-Solutions---Egypt-Cairo-Egypt?o=107&l=sp&t=sj&a=web engineer|search-v3|hpb
,,,,
Testing & Technical Support Engineer Lead,El-Sewedy Electrometer -,"6th of October, Giza, Egypt ",Full TimeManager  3 - 5 Yrs of Exp  IT/Software Development  Quality  Engineering - Telecom/Technology  Testing Engineer  ISTQB  Automation  Technical Support  SW  FW  Engineering,https://wuzzuf.net/jobs/p/x8UfuqbWyW1g-Testing-Technical-Support-Engineer-Lead-El-Sewedy-Electrometer-Giza-Egypt?o=108&l=sp&t=sj&a=web engineer|search-v3|hpb
,,,,
Senior Front-End Developer,Reno Systems -,"Maadi, Cairo, Egypt ",Full TimeExperienced  3 - 5 Yrs of Exp  IT/Software Development  Engineering - Telecom/Technology  HTML  CSS  Vanilla JS  ReactJS  Unit Testing  Grunt  Gulp  Webpack,https://wuzzuf.net/jobs/p/1yCXOhLldIlq-Senior-Front-End-Developer-Reno-Systems-Cairo-Egypt?o=109&l=sp&t=sj&a=web engineer|search-v3|hpb
,,,,
IT Application Development and Support Engineer,American International School -,"Sheikh Zayed, Giza, Egypt ",Full TimeExperienced  2 - 5 Yrs of Exp  IT/Software Development  Software Development  Information Technology (IT)  Software Engineering,https://wuzzuf.net/jobs/p/UUkS9bHLx0od-IT-Application-Development-and-Support-Engineer-American-International-School-Giza-Egypt?o=110&l=sp&t=sj&a=web engineer|search-v3|hpb
,,,,
Web Developer,AREX -,"Nasr City, Cairo, Egypt ",Full TimeExperienced  3 - 5 Yrs of Exp  IT/Software Development  Engineering - Telecom/Technology  Computer Science  Information Technology (IT)  media  social  Social Media  Software Development  Web  web developer,https://wuzzuf.net/jobs/p/NciIZLXq9XvH-Web-Developer-AREX-Cairo-Egypt?o=111&l=sp&t=sj&a=web engineer|search-v3|hpb
,,,,
Testing & Technical Support Engineer,El-Sewedy Electrometer -,"6th of October, Giza, Egypt ",Full TimeEntry Level  1 - 3 Yrs of Exp  IT/Software Development  Quality  Engineering - Telecom/Technology  Testing Engineer  ISTQB  Automation  Technical Support  SW  FW  Engineering,https://wuzzuf.net/jobs/p/LXeL0jP4GMnW-Testing-Technical-Support-Engineer-El-Sewedy-Electrometer-Giza-Egypt?o=112&l=sp&t=sj&a=web engineer|search-v3|hpb
,,,,
Backend Developer (Sharepoint),Perfect Presentation -,"6th of October, Giza, Egypt ",Full TimeExperienced  2+ Yrs of Exp  IT/Software Development  Engineering - Telecom/Technology  Computer Science  Information Technology (IT)  Software Development  Software Engineering  Computer Engineering  .Net  ASP.Net  CSS,https://wuzzuf.net/jobs/p/eYTvK8c8yazw-Backend-Developer-Sharepoint-Perfect-Presentation-Giza-Egypt?o=113&l=sp&t=sj&a=web engineer|search-v3|hpb
,,,,
Software Quality Control Tester,Online -,"Nasr City, Cairo, Egypt ",Part TimeFreelance / ProjectWork From HomeExperienced  2+ Yrs of Exp  IT/Software Development  Quality  Engineering - Telecom/Technology  Computer Science  Computer Engineering  Information Technology (IT)  Web API  API Testing  Quality Control  Software Testing,https://wuzzuf.net/jobs/p/Bu2RONolry4I-Software-Quality-Control-Tester-Online-Cairo-Egypt?o=114&l=sp&t=sj&a=web engineer|search-v3|hpb
,,,,
Frontend Engineer - React,Tamkeen Al-Aamal Management Est. -,"Cairo, Egypt ",Full TimeWork From HomeExperienced  4+ Yrs of Exp  IT/Software Development  Engineering - Telecom/Technology  Redux  Agile  React  AWS  Jira  CSS  HTML5  MVC,https://wuzzuf.net/jobs/p/baQaaijQnrVX-Frontend-Engineer---React-Tamkeen-Al-Aamal-Management-Est-Cairo-Egypt?o=115&l=sp&t=sj&a=web engineer|search-v3|hpb
,,,,
Linux System Engineer,Confidential -,"Maadi, Cairo, Egypt ",Full TimeExperienced  3 - 5 Yrs of Exp  Installation/Maintenance/Repair  IT/Software Development  Engineering - Telecom/Technology  computer  Engineering  Information Technology (IT)  SQL  Linux  MySQL  Computer Science,https://wuzzuf.net/jobs/p/MFSKhcqdTwTt-Linux-System-Engineer-Cairo-Egypt?o=116&l=sp&t=sj&a=web engineer|search-v3|hpb
,,,,
Software Engineer,1D Consulting -,"Sheikh Zayed, Giza, Egypt ",Full TimeEntry Level  0 - 6 Yrs of Exp  IT/Software Development  Engineering - Telecom/Technology  Computer Science  Integration  Programming  Active Directory  Database  Business Analyis  IAM  Information Security,https://wuzzuf.net/jobs/p/JHWAuo4n2ZoQ-Software-Engineer-1D-Consulting-Giza-Egypt?o=117&l=sp&t=sj&a=web engineer|search-v3|hpb
,,,,
Senior Devops Engineer,Expleo -,"Maadi, Cairo, Egypt ",Full TimeExperienced  3 - 5 Yrs of Exp  IT/Software Development  Engineering - Telecom/Technology  Engineering  Java  Information Technology (IT)  Azure DevOps Server  Git  Software Development  Computer Science  AWS,https://wuzzuf.net/jobs/p/FMu0khwAsMiI-Senior-Devops-Engineer-Expleo-Cairo-Egypt?o=118&l=sp&t=sj&a=web engineer|search-v3|hpb
,,,,
Senior Java Developer JSF,Confidential -,"Cairo, Egypt ",Full TimeWork From HomeExperienced  5 - 7 Yrs of Exp  IT/Software Development  Engineering - Telecom/Technology  Angular  Engineering  Information Technology (IT)  Computer Science  Java  JavaScript  JSF  MVC,https://wuzzuf.net/jobs/p/wQPw3I0hoPuV-Senior-Java-Developer-JSF-Cairo-Egypt?o=119&l=sp&t=sj&a=web engineer|search-v3|hpb
,,,,
Senior Software Quality Control Engineer,Safa Soft -,"Maadi, Cairo, Egypt ",Full TimeExperienced  2 - 6 Yrs of Exp  IT/Software Development  Quality  Engineering - Telecom/Technology  Quality Control  Agile  Software Testing  Software  Computer Science  Automation  Automation Testing,https://wuzzuf.net/jobs/p/HvoWbe3Lhi4Y-Senior-Software-Quality-Control-Engineer-Safa-Soft-Cairo-Egypt?o=120&l=sp&t=sj&a=web engineer|search-v3|hpb
